"Codon","Amino_Acid"
"AAA","Lys"
"AAA-TAG","Lys-STOP"
"AAA-TGG","Lys-Trp"
"AAC","Asn"
"AAC-CCC","Asn-Pro"
"AAC-CGG","Asn-Arg"
"AAC-TAG","Asn-STOP"
"AAC-TTC","Asn-Phe"
"AAC-TTG","Asn-Leu"
"AAG","Lys"
"AAG-GAC","Lys-Asp"
"AAG-TGG","Lys-Trp"
"AAT","Asn"
"AAT-AGA","Asn-Arg"
"AAT-GAC","Asn-Asp"
"AAT-TAG","Asn-STOP"
"AAT-TGA","Asn-STOP"
"AAT-TGG","Asn-Trp"
"ACA","Thr"
"ACA-AAG","Thr-Lys"
"ACC","Thr"
"ACG","Thr"
"ACT","Thr"
"ACT-GTG","Thr-Val"
"ACT-TAG","Thr-STOP"
"ACT-TGC","Thr-Cys"
"AGA","Arg"
"AGC","Ser"
"AGC-CCC","Ser-Pro"
"AGG","Arg"
"AGG-TTG","Arg-Leu"
"AGT","Ser"
"AGT-GCC","Ser-Ala"
"AGT-TCC","Ser-Ser"
"ATA","Ile"
"ATA-ACC","Ile-Thr"
"ATA-AGC","Ile-Ser"
"ATA-CGC","Ile-Arg"
"ATC","Ile"
"ATC-CCC","Ile-Pro"
"ATG","Met"
"ATT","Ile"
"ATT-CAC","Ile-His"
"ATT-CCC","Ile-Pro"
"ATT-TAC","Ile-Tyr"
"ATT-TCC","Ile-Ser"
"ATT-TCG","Ile-Ser"
"ATT-TGA","Ile-STOP"
"ATT-TGC","Ile-Cys"
"ATT-TTC","Ile-Phe"
"CAA","Gln"
"CAA-AAT","Gln-Asn"
"CAA-AGC","Gln-Ser"
"CAA-TAT","Gln-Tyr"
"CAC","His"
"CAC-AAT","His-Asn"
"CAG","Gln"
"CAT","His"
"CAT-GAC","His-Asp"
"CAT-TAC","His-Tyr"
"CAT-TAT","His-Tyr"
"CCA","Pro"
"CCA-TAC","Pro-Tyr"
"CCC","Pro"
"CCC/CGC","Pro/Arg"
"CCC-AGC","Pro-Ser"
"CCC-AGT","Pro-Ser"
"CCG","Pro"
"CCT","Pro"
"CCT-GAT","Pro-Asp"
"CCT-TAC","Pro-Tyr"
"CCT-TAG","Pro-STOP"
"CCT-TAT-TAT","Pro-Tyr-Tyr"
"CCT-TCA","Pro-Ser"
"CCT-TCC","Pro-Ser"
"CCT-TCG","Pro-Ser"
"CGA","Arg"
"CGA/CGG","Arg-Arg"
"CGA-CAG","Arg-Gln"
"CGA-TTC","Arg-Phe"
"CGC","Arg"
"CGG","Arg"
"CGG-TTC","Arg-Phe"
"CGT","Arg"
"CGT-AGC","Arg-Ser"
"CTA","Leu"
"CTA-AAA","Leu-Lys"
"CTA-ACC","Leu-Thr"
"CTA-AGA","Leu-Arg"
"CTA-AGC","Leu-Ser"
"CTA-TAA","Leu-STOP"
"CTC","Leu"
"CTC-ATT","Leu-Ile"
"CTC-TGA","Leu-STOP"
"CTG","Leu"
"CTG-GTG","Leu-Val"
"CTT","Leu"
"CTT-TGC","Leu-Cys"
"GAA","Glu"
"GAA-AAA","Glu-Lys"
"GAA-ATG","Glu-Met"
"GAA-ATT","Glu-Ile"
"GAA-TGG","Glu-Trp"
"GAC","Asp"
"GAC-CCT","Asp-Pro"
"GAG","Glu"
"GAG-TAC","Glu-Tyr"
"GAG-TGG","Glu-Trp"
"GAT","Asp"
"GAT-AAA","Asp-Lys"
"GAT-ATG","Asp-Met"
"GAT-CAC","Asp-His"
"GAT-TGG","Asp-Trp"
"GCA","Ala"
"GCC","Ala"
"GCG","Ala"
"GCG-ACT","Ala-Thr"
"GCT","Ala"
"GCT-TCT","Ala-Ser"
"GCT-TTC","Ala-Phe"
"GGA","Gly"
"GGA-CAT","Gly-His"
"GGA-TGC","Gly-Cys"
"GGC","Gly"
"GGC-TAG","Gly-STOP"
"GGG","Gly"
"GGG-GGG","Gly-Gly"
"GGT","Gly"
"GGT-TAG","Gly-STOP"
"GTA","Val"
"GTA-AAG","Val-Lys"
"GTA-AGT","Val-Ser"
"GTA-ATG","Val-Met"
"GTC","Val"
"GTC-TAG","Val-STOP"
"GTG","Val"
"GTT","Val"
"GTT-TAA","Val-STOP"
"GTT-TAG","Val-STOP"
"GTT-TGC","Val-Cys"
"GTT-TGT","Val-Cys"
"NA","NA"
"TAA","STOP"
"TAA-TAG","STOP"
"TAA-TTG","STOP"
"TAC","Tyr"
"TAC-CTC","Tyr-Leu"
"TAG","STOP"
"TAG-TAC","STOP-Tyr"
"TAT","Tyr"
"TAT-TAG","Tyr-STOP"
"TCA","Ser"
"TCC","Ser"
"TCG","Ser"
"TCT","Ser"
"TCT-TCT","Ser-Ser"
"TGA","STOP"
"TGA-ATT","STOP-Ile"
"TGC","Cys"
"TGC-TGT","Cys-Cys"
"TGG","Trp"
"TGG-TTG","Trp-Leu"
"TGT","Cys"
"TGT-TAA","Cys-STOP"
"TGT-TCC","Cys-Ser"
"TGT-TCT","Cys-Ser"
"TTA","Leu"
"TTA-AAT","Leu-Asn"
"TTC","Phe"
"TTC-ACC","Phe-Thr"
"TTG","Leu"
"TTG-TAG","Leu-STOP"
"TTT","Phe"
"TTT-TAA","Phe-STOP"
"TTT-TCC","Phe-Ser"
"TTT-TGA","Phe-STOP"
"TTT-TGT","Phe-Cys"

177 rows selected. 

