"Ref_ID","Title","Authors","Year","Journal","Volume","Start_page","End_page","PubMed","Comment"
1,"Anaplastic Wilms' tumour, a subtype displaying poor prognosis, harbours p53 gene mutations","net.sourceforge.jtds.jdbc.ClobImpl@69260ce",1994,"Nat Genet",7,91,97,"8075648",""
2,"Prevalence and diversity of constitutional mutations in the p53 gene among 21 Li-Fraumeni families","net.sourceforge.jtds.jdbc.ClobImpl@1cf2bf7b",1994,"Cancer Res",54,1298,1304,"8118819","DNA, direct+HOT, ex1-11"
3,"Screening for germ line TP53 mutations in breast cancer patients","net.sourceforge.jtds.jdbc.ClobImpl@c1edcc8",1992,"Cancer Res",52,3234,3236,"1591732",""
4,"Screening for germ line p53 mutations in children with malignant tumors and a family history of cancer","net.sourceforge.jtds.jdbc.ClobImpl@8033264",1993,"Cancer Res",53,452,455,"8425176",""
5,"p53 mutations in breast cancer","net.sourceforge.jtds.jdbc.ClobImpl@1d82a7ba",1992,"Cancer Res",52,5291,5298,"1394133",""
6,"Germline p53 mutations are frequently detected in young children with rhabdomyosarcoma","net.sourceforge.jtds.jdbc.ClobImpl@1482da16",1995,"J Clin Invest",95,1606,1611,"7706467",""
7,"Constitutional mutation in exon 8 of the p53 gene in a patient with multiple primary tumours: molecular and immunohistochemical findings","net.sourceforge.jtds.jdbc.ClobImpl@6e80acd2",1993,"Oncogene",8,1269,1276,"8479749",""
8,"Hereditary and acquired p53 gene mutations in childhood acute lymphoblastic leukemia","net.sourceforge.jtds.jdbc.ClobImpl@7f812374",1992,"J Clin Invest",89,640,647,"1737852",""
9,"A novel germline p53 splicing mutation in a pediatric patient with a second malignant neoplasm","net.sourceforge.jtds.jdbc.ClobImpl@77b6f449",1993,"Oncogene",8,1203,1210,"8479743",""
10,"A simple p53 functional assay for screening cell lines, blood, and tumors","net.sourceforge.jtds.jdbc.ClobImpl@7566c2c3",1995,"Proc Natl Acad Sci U S A",92,3963,3967,"7732013",""
11,"Germ-Line p53 mutations in 15 families with Li-Fraumeni syndrome","net.sourceforge.jtds.jdbc.ClobImpl@1eeb0681",1995,"Am J Hum Genet",56,608,615,"7887414","DNA, cloning, ex2-11"
12,"Novel germline mutation of the p53 tumor suppressor gene in a child with incidentally discovered adrenal cortical carcinoma","net.sourceforge.jtds.jdbc.ClobImpl@68870cab",1994,"Am J Pediatr Hematol Oncol",16,341,347,"7978053",""
13,"A de novo p53 germline mutation affecting codon 151 in a six year old child with multiple tumors","net.sourceforge.jtds.jdbc.ClobImpl@2853a94e",1994,"Hum Mol Genet",3,2247,2248,"7881428",""
14,"Single base pair germ-line deletion in the p53 gene in a cancer predisposed family","net.sourceforge.jtds.jdbc.ClobImpl@6be0165d",1994,"Hum Genet",94,88,90,"8034301",""
15,"Predominantly tumor-limited expression of a mutant allele in a Japanese family carrying a germline p53 mutation","net.sourceforge.jtds.jdbc.ClobImpl@2df9caae",1994,"Oncogene",9,1231,1235,"8134126",""
16,"Germ-line and somatic p53 gene mutations in multifocal osteogenic sarcoma","net.sourceforge.jtds.jdbc.ClobImpl@7d4b69ee",1992,"Proc Natl Acad Sci U S A",89,4207,4209,"1349175",""
17,"Splice-site mutation of the p53 gene in a family with hereditary breast-ovarian cancer","net.sourceforge.jtds.jdbc.ClobImpl@4867b6d0",1994,"Oncogene",9,97,102,"8302608",""
18,"p53 mosaicism with an exon 8 germline mutation in the founder of a cancer-prone pedigree","net.sourceforge.jtds.jdbc.ClobImpl@235e037f",1992,"Oncogene",7,2169,2173,"1359493",""
19,"Germline p53 gene mutations in subsets of glioma patients","net.sourceforge.jtds.jdbc.ClobImpl@40910100",1994,"J Natl Cancer Inst",86,344,349,"94141961",""
20,"A germ line mutation in exon 5 of the p53 gene in an extended cancer family","net.sourceforge.jtds.jdbc.ClobImpl@663304e5",1991,"Cancer Res",51,6385,6387,"1933902",""
21,"Familial brain tumour syndrome associated with a p53 germline deletion of codon 236","net.sourceforge.jtds.jdbc.ClobImpl@1317efc5",1995,"Brain Pathol",5,15,23,"7767487",""
22,"Germ line p53 mutations in a familial syndrome of breast cancer, sarcomas, and other neoplasms","net.sourceforge.jtds.jdbc.ClobImpl@40014323",1990,"Science",250,1233,1238,"1978757",""
23,"Germline mutations of the p53 tumor-suppressor gene in children and young adults with second malignant neoplasms","net.sourceforge.jtds.jdbc.ClobImpl@8d0c322",1992,"N Engl J Med",326,1309,1315,"1565144",""
24,"Two germ-line mutations affecting the same nucleotide at codon 257 of p53 gene, a rare site for mutations","net.sourceforge.jtds.jdbc.ClobImpl@763aeaf1",1994,"Oncogene",9,1237,1239,"8134127",""
25,"Germline mutations of the p53 tumor suppressor gene in children with osteosarcoma","net.sourceforge.jtds.jdbc.ClobImpl@5a7f4a34",1994,"J Clin Oncol",12,925,930,"8164043",""
26,"Identification of a germ-line mutation in the p53 gene in a patient with an intracranial ependymoma","net.sourceforge.jtds.jdbc.ClobImpl@10ad0203",1991,"Proc Natl Acad Sci U S A",88,7825,7829,"1679237",""
27,"A germline 2.35 kb deletion of p53 genomic DNA creating a specific loss of the oligomerization domain inherited in a Li-Fraumeni syndrome family","net.sourceforge.jtds.jdbc.ClobImpl@1e6a0ae7",1994,"Oncogene",9,3273,3280,"7936651",""
28,"A significant proportion of patients with osteosarcoma may belong to Li- Fraumeni cancer families","net.sourceforge.jtds.jdbc.ClobImpl@3fa616b9",1992,"J Bone Joint Surg Br",74,883,886,"1447251",""
29,"Constitutional p53 mutation in a non-Li-Fraumeni cancer family","net.sourceforge.jtds.jdbc.ClobImpl@1f28d593",1992,"Br J Cancer",65,527,528,"1562462",""
31,"Detection of novel germ-line p53 mutations in diverse-cancer-prone families identified by selecting patients with childhood adrenocortical carcinoma","net.sourceforge.jtds.jdbc.ClobImpl@676d616f",1992,"J Natl Cancer Inst",84,703,707,"1569604",""
33,"Hereditary p53 mutation in a patient with multiple tumors: significance for genetic counseling","net.sourceforge.jtds.jdbc.ClobImpl@299e6257",1993,"Schweiz Med Wochenschr",123,1287,1292,"8393584",""
34,"Germ-line p53 mutation is uncommon in patients with triple primary cancers","net.sourceforge.jtds.jdbc.ClobImpl@2682ba03",1993,"Cancer Lett",73,51,57,"8402598",""
35,"Inherited p53 gene mutations in breast cancer","net.sourceforge.jtds.jdbc.ClobImpl@7fdf670d",1992,"Cancer Res",52,2984,2986,"1581912",""
36,"Germ-line transmission of a mutated p53 gene in a cancer-prone family with Li-Fraumeni syndrome","net.sourceforge.jtds.jdbc.ClobImpl@73b51780",1990,"Nature",348,747,749,"91080929",""
37,"Germ-line exclusion of a single p53 allele by premature termination of translation in a Li-Fraumeni syndrome family","net.sourceforge.jtds.jdbc.ClobImpl@29634f7b",1994,"Oncogene",9,2799,2804,"8084585",""
38,"Prevalence and spectrum of germline mutations of the p53 gene among patients with sarcoma","net.sourceforge.jtds.jdbc.ClobImpl@1a82baf6",1992,"N Engl J Med",326,1301,1308,"92228022",""
40,"High frequency of germline p53 mutations in childhood adrenocortical cancer","net.sourceforge.jtds.jdbc.ClobImpl@1ee141a4",1994,"J Natl Cancer Inst",86,1707,1710,"7966399",""
41,"Germ-line splicing mutation of the p53 gene in a cancer-prone family","net.sourceforge.jtds.jdbc.ClobImpl@45335cef",1992,"Cell Growth Differ",3,839,846,"1467311",""
42,"Rapid diagnosis of germline p53 mutation using the enzyme mismatch cleavage method","net.sourceforge.jtds.jdbc.ClobImpl@7618cba5",1996,"Diagn Mol Pathol",5,265,270,"8955618",""
43,"A previously undescribed mutation within the tetramerisation domain of TP53 in a family with Li-Fraumeni syndrome","net.sourceforge.jtds.jdbc.ClobImpl@79c28a9a",1996,"Oncogene",12,2437,2442,"8649785",""
44,"A novel deletion within exon 6 of TP53 in a family with Li-Fraumeni- like syndrome, and LOH in a benign lesion from a mutation carrier","net.sourceforge.jtds.jdbc.ClobImpl@6d3a0867",1996,"Cancer Genet Cytogenet",90,14,16,"8780740",""
45,"Complex replication error causes p53 mutation in a Li-Fraumeni family","net.sourceforge.jtds.jdbc.ClobImpl@32b1f50b",1995,"Cancer Res",55,3237,3241,"7614454",""
46,"Spontaneous in vitro immortalization of breast epithelial cells from a patient with Li-Fraumeni syndrome","net.sourceforge.jtds.jdbc.ClobImpl@2c4551b",1995,"Mol Cell Biol",15,425,432,"7799951",""
47,"A novel p53 germline alteration identified in a late onset breast cancer kindred","net.sourceforge.jtds.jdbc.ClobImpl@6f3f9983",1996,"Oncogene",13,407,411,"8710380",""
48,"A constitutional de novo mutation in exon 8 of the p53 gene in a patient with multiple primary malignancies","net.sourceforge.jtds.jdbc.ClobImpl@52fbdd33",1996,"Br J Cancer",74,269,273,"8688334",""
49,"Constitutional p53 mutations associated with brain tumors in young adults","net.sourceforge.jtds.jdbc.ClobImpl@6f5f73ca",1995,"Cancer Genet Cytogenet",82,106,115,"7664239",""
50,"Three germline mutations in the TP53 gene","net.sourceforge.jtds.jdbc.ClobImpl@4f139fb7",1997,"Hum Mutat",9,157,163,"9067756",""
51,"p53 gene mutations and protein accumulation in human ovarian cancer","net.sourceforge.jtds.jdbc.ClobImpl@5c73e457",1993,"Proc Natl Acad Sci U S A",90,4961,4965,"8506342",""
52,"Two functional assays employed to detect an unusual mutation in the oligomerisation domain of p53 in a Li-Fraumeni like family","net.sourceforge.jtds.jdbc.ClobImpl@506da8af",1997,"Oncogene",14,1869,1874,"9150393",""
53,"The p53 gene in pediatric therapy-related leukemia and myelodysplasia","net.sourceforge.jtds.jdbc.ClobImpl@4438504b",1996,"Blood",87,4376,4381,"8639798",""
54,"Incidence of germ-line p53 mutations in patients with gliomas","net.sourceforge.jtds.jdbc.ClobImpl@1705915c",1995,"Int J Cancer",64,383,387,"8550239",""
55,"Germline p53 mutation at codon 133 in a cancer-prone family","net.sourceforge.jtds.jdbc.ClobImpl@54178eb7",1997,"J Mol Med",75,50,56,"9020384",""
56,"Two Li-Fraumeni syndrome families with novel germline p53 mutations: loss of the wild-type p53 allele in only 50% of tumours","net.sourceforge.jtds.jdbc.ClobImpl@69826c4a",1998,"Br J Cancer",77,1034,1039,"9569035",""
57,"DNA damage-associated dysregulation of the cell cycle and apoptosis control in cells with germ-line p53 mutation","net.sourceforge.jtds.jdbc.ClobImpl@6fbed339",1997,"Cancer Res",57,1895,1902,"9157982","2 families reported in ref 33,15"
58,"The first documentation of Li-Fraumeni syndrome in Korea","net.sourceforge.jtds.jdbc.ClobImpl@548a30e3",1995,"J Korean Med Sci",10,205,210,"8527048",""
59,"Heterogeneity in Li-Fraumeni families: p53 mutation analysis and immunohistochemical staining","net.sourceforge.jtds.jdbc.ClobImpl@3c806ef3",1995,"J Med Genet",32,186,190,"7783166","DNA, direct, ex5-9"
60,"A novel germ line p53 mutation in intron 6 in diverse childhood malignancies","net.sourceforge.jtds.jdbc.ClobImpl@461ab515",1997,"Oncogene",14,1541,1545,"9129144",""
61,"p53 gene mutations in pediatric brain tumors","net.sourceforge.jtds.jdbc.ClobImpl@5f2481f4",1995,"Med Pediatr Oncol",25,431,436,"7565304",""
62,"P53 germline mutations in childhood cancers and cancer risk for carrier individuals","net.sourceforge.jtds.jdbc.ClobImpl@5a2cafdb",2000,"Br J Cancer",82,1932,1937,"10864200",""
63,"TP53 gene mutations and 17p deletions in human astrocytomas","net.sourceforge.jtds.jdbc.ClobImpl@65e4a59b",1991,"Genes Chromosomes Cancer",3,323,331,"1686725",""
65,"A new germline TP53 gene mutation in a family with Li-Fraumeni syndrome","net.sourceforge.jtds.jdbc.ClobImpl@76c5062f",1996,"Eur J Cancer",,1359,1365,"8869100",""
66,"Molecular pathology in basal cell cancer with p53 as a genetic marker","net.sourceforge.jtds.jdbc.ClobImpl@d951222",1997,"Oncogene",15,1059,1067,"9285560",""
67,"Primitive neuroectodermal tumors of the cerebral hemispheres in two siblings with TP53 germline mutation","net.sourceforge.jtds.jdbc.ClobImpl@32f8263c",1998,"J Neuropathol Exp Neurol",57,179,187,"9600210",""
68,"Are There Low-Penetrance TP53 Alleles? Evidence from Childhood Adrenocortical Tumors","net.sourceforge.jtds.jdbc.ClobImpl@72708585",1999,"Am J Hum Genet",65,995,1006,"10486318",""
69,"Simultaneous adrenocortical carcinoma and ganglioneuroblastoma in a child with Turner syndrome and germline p53 mutation","net.sourceforge.jtds.jdbc.ClobImpl@2c5a119a",1998,"J Med Genet",35,328,332,"9598730",""
70,"A germline missense mutation R337C in exon 10 of the human p53 gene","net.sourceforge.jtds.jdbc.ClobImpl@97b1231",1998,"Hum Mutat",1,58,61,"9452042",""
71,"Association of germline p53 mutation with MLL segmental jumping translocation in treatment-related leukemia","net.sourceforge.jtds.jdbc.ClobImpl@7ac11ce4",1998,"Blood",91,4451,4456,"9616138",""
72,"A novel TP53 germ-line mutation identified in a girl with a primitive neuroectodermal tumor and her father","net.sourceforge.jtds.jdbc.ClobImpl@cebe294",1998,"Cancer Genet Cytogenet",105,103,108,"9723024",""
73,"Astrocytomas and choroid plexus tumors in two families with identical p53 germline mutations","net.sourceforge.jtds.jdbc.ClobImpl@70c1f452",1998,"J Neuropathol Exp Neurol",57,1061,1069,"9825943",""
74,"Astrocytoma and B-cell lymphoma development in a man with a p53 germline mutation","net.sourceforge.jtds.jdbc.ClobImpl@21fa9ae1",1998,"Jpn J Clin Oncol",28,631,637,"9839505",""
75,"Germline mutations of the p53 gene in children with malignant solid tumors","net.sourceforge.jtds.jdbc.ClobImpl@53ae8406",1998,"J Exp Clin Cancer Res",17,497,502,"10089074",""
76,"Molecular assessment of clonality leads to the identification of a new germ line TP53 mutation associated with malignant cystosarcoma phyllodes and soft tissue sarcoma","net.sourceforge.jtds.jdbc.ClobImpl@233a5",1998,"Diagn Mol Pathol",7,295,301,"10207667",""
77,"A novel germ-line mutation in the noncoding region of the p53 gene in a Li-Fraumeni family","net.sourceforge.jtds.jdbc.ClobImpl@7f9e3493",1998,"Cancer Genet Cytogenet",103,1,6,"9595036",""
78,"Multiple primary tumors of the upper aerodigestive tract: is there a role for constitutional mutations in the p53 gene?","net.sourceforge.jtds.jdbc.ClobImpl@a469413",1999,"Int J Cancer",82,180,186,"10389749",""
79,"Germ-line TP53 mutations in Finnish cancer families exhibiting features of the Li-Fraumeni syndrome and negative for BRCA1 and BRCA2","net.sourceforge.jtds.jdbc.ClobImpl@2defafe9",1999,"Cancer Genet Cytogenet",112,9,14,"10432928",""
80,"Variations of p53 in cultured fibroblasts of patients with lung cancer who have a presumed genetic predisposition","net.sourceforge.jtds.jdbc.ClobImpl@3c612eea",1999,"Am J Clin Oncol",22,278,282,"10362336",""
81,"TP53 mutation and haplotype analysis of two large African American families","net.sourceforge.jtds.jdbc.ClobImpl@3255bf59",1999,"Hum Mutat",14,216,221,"10477429",""
82,"p53 compound heterozygosity in a severely affected child with Li-Fraumeni syndrome","net.sourceforge.jtds.jdbc.ClobImpl@c8d530c",1999,"Oncogene",18,3970,3978,"99361973",""
83,"Germline mutations of p53 but not p16/CDKN2 or PTEN/MMAC1 tumor suppressor genes predispose to gliomas. The ANOCEF Group. Association des NeuroOncologues d'Expression Francaise","net.sourceforge.jtds.jdbc.ClobImpl@5c4d2593",1999,"Ann Neurol",46,913,916,"10589545",""
84,"Germline p53 mutation in a case of Li-Fraumeni syndrome presenting gastric cancer","net.sourceforge.jtds.jdbc.ClobImpl@696e468e",1999,"Jpn J Clin Oncol",29,513,516,"10645809",""
86,"Germ-line mutations of TP53 in Li-Fraumeni families: an extended study of 39 families","net.sourceforge.jtds.jdbc.ClobImpl@765e938d",1997,"Cancer Res",57,3245,3252,"9242456","DNA, direct, ex4-9(all?)"
90,"Investigation of germline PTEN, p53, p16(INK4A)/p14(ARF), and CDK4 alterations in familial glioma","net.sourceforge.jtds.jdbc.ClobImpl@102dab79",2000,"Am J Med Genet",92,136,141,"10797439",""
91,"Personnal communication","net.sourceforge.jtds.jdbc.ClobImpl@25796552",2000,"Unpublished",,,,"NA",""
93,"Two cases of osteosarcoma occurring as second malignancy of childhood cancer","net.sourceforge.jtds.jdbc.ClobImpl@3e381d45",1999,"Anticancer Res",19,5563,5565,"10697617",""
94,"High frequency of recurrent mutations in BRCA1 and BRCA2 genes in Polish families with breast and ovarian cancer","net.sourceforge.jtds.jdbc.ClobImpl@3cf833f4",2000,"Hum Mutat",16,482,490,"11102977",""
97,"Germline TP53 alterations in Finnish breast cancer families are rare and occur at conserved mutation-prone sites","net.sourceforge.jtds.jdbc.ClobImpl@41733171",2001,"Br J Cancer",84,116,119,"11139324",""
98,"Novel p53 splice site mutations in three families with Li-Fraumeni syndrome","net.sourceforge.jtds.jdbc.ClobImpl@2f4e9ff8",2000,"Oncogene",19,4230,4235,"10980596",""
99,"Detection of 11 germline inactivating TP53 mutations and absence of TP63 and HCHK2 mutations in 17 French families with Li-Fraumeni or Li-Fraumeni-like syndrome","net.sourceforge.jtds.jdbc.ClobImpl@51e27d61",2001,"J Med Genet",38,253,257,"11370630",""
100,"Germline p53 mutation in a patient with multiple primary cancers","net.sourceforge.jtds.jdbc.ClobImpl@2cf8833a",2001,"Jpn J Clin Oncol",31,349,351,"11518751",""
101,"Tissue-specific expression of SV40 in tumors associated with the Li- Fraumeni syndrome","net.sourceforge.jtds.jdbc.ClobImpl@74d8c76d",2001,"Oncogene",20,4441,4449,"11494139",""
102,"A double germline mutations in the APC and p53 genes","net.sourceforge.jtds.jdbc.ClobImpl@2f323751",2000,"Neoplasma",47,335,341,"11263856",""
103,"p53, CHK2, and CHK1 genes in Finnish families with Li-Fraumeni syndrome: further evidence of CHK2 in inherited cancer predisposition","net.sourceforge.jtds.jdbc.ClobImpl@6d795ea3",2001,"Cancer Res",61,5718,5722,"11479205",""
104,"Comparative analysis of the NF2, TP53, PTEN, KRAS, NRAS and HRAS genes in sporadic and radiation-induced human meningiomas","net.sourceforge.jtds.jdbc.ClobImpl@570f165",2001,"Int J Cancer",94,218,221,"11668501",""
105,"A novel, de novo germline TP53 mutation in a rare presentation of the Li-Fraumeni syndrome in the maxilla","net.sourceforge.jtds.jdbc.ClobImpl@37a1bd09",2002,"Oral Oncol",38,383,390,"12076704",""
106,"Investigations on a clinically and functionally unusual and novel germline p53 mutation","net.sourceforge.jtds.jdbc.ClobImpl@9178c13",2002,"Br J Cancer",86,1592,1596,"12085209",""
108,"p53 Germline mutation in a patient with Li-Fraumeni Syndrome and three metachronous malignancies","net.sourceforge.jtds.jdbc.ClobImpl@2ebc47d4",2002,"J Cancer Res Clin.Oncol",128,456,460,"12200603",""
109,"Germline TP53 mutations in breast cancer families with multiple primary cancers: is TP53 a modifier of BRCA1?","net.sourceforge.jtds.jdbc.ClobImpl@2cc560bf",2003,"J Med Genet",40,,,"12676907",""
110,"Prediction of pathogenic mutations in patients with early-onset breast cancer by family history","net.sourceforge.jtds.jdbc.ClobImpl@16b6c9db",2003,"Lancet",361,1101,1102,"12672316",""
111,"Novel p53 germline mutation in a patient with Li-Fraumeni syndrome","net.sourceforge.jtds.jdbc.ClobImpl@2374b80a",2003,"Intern Med J",33,621,,"14656244",""
112,"Description of a new TP53 gene germline mutation in a family with the Li-Fraumeni syndrome. Genetic counselling to healthy mutation carriers","net.sourceforge.jtds.jdbc.ClobImpl@6f3ad957",2002,"Med Clin (Barc)",119,497,499,"12406399",""
113,"Screening for TP53 rearrangements in families with the Li-Fraumeni syndrome reveals a complete deletion of the TP53 gene","net.sourceforge.jtds.jdbc.ClobImpl@687d9c97",2003,"Oncogene",22,840,846,"12584563",""
115,"A novel case with germline p53 gene mutation having concurrent multiple primary colon tumours","net.sourceforge.jtds.jdbc.ClobImpl@48a57852",2003,"Gut",52,304,306,"12524418",""
116,"A Li-Fraumeni syndrome family with retained heterozygosity for a germline TP53 mutation in two tumors","net.sourceforge.jtds.jdbc.ClobImpl@4e972da4",2003,"Cancer Genet Cytogenet",145,60,64,"12885464",""
117,"Familial sarcoma: challenging pedigrees","net.sourceforge.jtds.jdbc.ClobImpl@775ea540",2003,"Cancer",98,1947,1957,"14584079",""
118,"An inherited p53 mutation that contributes in a tissue-specific manner to pediatric adrenal cortical carcinoma","net.sourceforge.jtds.jdbc.ClobImpl@73430618",2001,"Proc Natl Acad Sci U S A",98,9330,9335,"11481490",""
119,"Cells with TP53 mutations in low grade astrocytic tumors evolve clonally to malignancy and are an unfavorable prognostic factor","net.sourceforge.jtds.jdbc.ClobImpl@104787ca",1999,"Oncogene",18,5870,5878,"10557074",""
120,"Hereditary TP53 codon 292 and somatic P16INK4A codon 94 mutations in a Li-Fraumeni syndrome family","net.sourceforge.jtds.jdbc.ClobImpl@67ca726b",1999,"Cancer Genet Cytogenet",113,145,151,"10484981",""
121,"An inherited mutation outside the highly conserved DNA-binding domain of the p53 tumor suppressor protein in children and adults with sporadic adrenocortical tumors","net.sourceforge.jtds.jdbc.ClobImpl@65bcaf77",2001,"J Clin Endocrinol Metab",86,4970,4973,"11600572",""
122,"Analysis of TP53 germline mutations in pediatric tumor patients using DNA microarray-based sequencing technology","net.sourceforge.jtds.jdbc.ClobImpl@ea4161e",2002,"Med Pediatr Oncol",38,247,253,"11920788",""
123,"Leukemic and non-leukemic lymphocytes from patients with Li Fraumeni syndrome demonstrate loss of p53 function, Bcl-2 family dysregulation and intrinsic resistance to conventional chemotherapeutic drugs but not flavopiridol","net.sourceforge.jtds.jdbc.ClobImpl@22f1b9d7",2003,"Cell Cycle",2,53,58,"12695689",""
125,"TP53, BRCA1, and BRCA2 Tumor Suppressor Genes Are Not Commonly Mutated in Survivors of Hodgkin's Disease With Second Primary Neoplasms","net.sourceforge.jtds.jdbc.ClobImpl@169ccec8",2003,"J Clin Oncol",21,4505,4509,"14673037",""
126,"Prenatal diagnosis in Li-Fraumeni syndrome","net.sourceforge.jtds.jdbc.ClobImpl@16db1c7b",2004,"J Pediatr Hematol Oncol",26,541,545,"15342977",""
127,"Novel germline mutations in breast cancer susceptibility genes BRCA1, BRCA2 and p53 gene in breast cancer patients from India","net.sourceforge.jtds.jdbc.ClobImpl@38e1fc58",2004,"Breast Cancer Res Treat",88,177,186,"15564800",""
128,"Rhabdomyosarcoma, osteosarcoma, and adrenocortical carcinoma in a child with a germline p53 mutation","net.sourceforge.jtds.jdbc.ClobImpl@1771d592",2004,"Pediatr Blood Cancer",43,683,686,"15390294",""
129,"Genetic and epigenetic alterations of the cell cycle regulators and tumor suppressor genes in pediatric osteosarcomas","net.sourceforge.jtds.jdbc.ClobImpl@676bb33a",2003,"J Pediatr Hematol Oncol",25,362,367,"12759621",""
130,"A TP53-truncating germline mutation (E287X) in a family with characteristics of both hereditary diffuse gastric cancer and Li-Fraumeni syndrome","net.sourceforge.jtds.jdbc.ClobImpl@291d5368",2004,"J Hum Genet",49,591,595,"15368100",""
131,"Multifocal intrafollicular granulosa cell tumor of the ovary associated with an unusual germline p53 mutation","net.sourceforge.jtds.jdbc.ClobImpl@1ea9792f",2004,"Mod Pathol",17,868,873,"15073606",""
132,"Multiple primary cancers in patients with osteosarcoma: influence of anticancer drugs and genetic factors","net.sourceforge.jtds.jdbc.ClobImpl@7ede22d",2004,"Am J Clin Oncol",27,220,224,"15170137",""
133,"Identification of novel TP53 mutations in familial and sporadic cancer cases of German and Swiss origin","net.sourceforge.jtds.jdbc.ClobImpl@3da56389",2004,"Cancer Genet Cytogenet",154,22,26,"15381368",""
134,"Personnal communication","net.sourceforge.jtds.jdbc.ClobImpl@7e60f146",2004,"Unpublished",,,,"NA",""
135,"Germline p53 mutations in a cohort with childhood sarcoma: sex differences in cancer risk","net.sourceforge.jtds.jdbc.ClobImpl@2b559fa4",2003,"Am J Hum Genet",72,975,983,"12610779",""
136,"E-Cadherin (CDH1) and p53 rather than SMAD4 and Caspase-10 germline mutations contribute to genetic predisposition in Portuguese gastric cancer patients","net.sourceforge.jtds.jdbc.ClobImpl@4341ec69",2004,"Eur J Cancer",40,1897,1903,"15288293",""
137,"Second malignant neoplasms in childhood acute lymphoblastic leukemia: primitive neuroectodermal tumor of the chest wall with germline p53 mutation as a second malignant neoplasm","net.sourceforge.jtds.jdbc.ClobImpl@55ee66a3",2004,"Am J Hematol",76,52,56,"15114597",""
138,"The TP53 mutation, R337H, is associated with Li-Fraumeni and Li-Fraumeni-like syndromes in Brazilian families","net.sourceforge.jtds.jdbc.ClobImpl@2c7d5799",2007,"Cancer Lett",245,96,102,"16494995","corrections after MLPA analysis"
139,"CGH evalution of two de novo synchronous tumors in a child with a germline p53 mutation","net.sourceforge.jtds.jdbc.ClobImpl@2b52550d",2005,"Pediatr Blood Cancer",47,949,54,"16206219",""
140,"Germline mutations of the E-cadherin(CDH1) and TP53 genes, rather than of RUNX3 and HPP1, contribute to genetic predisposition in German gastric cancer patients","net.sourceforge.jtds.jdbc.ClobImpl@67bcd6aa",2004,"J Med Genet",41,,,"15173255",""
141,"Identification of five new families strengthens the link between childhood choroid plexus carcinoma and germline TP53 mutations","net.sourceforge.jtds.jdbc.ClobImpl@41c16f80",2005,"Eur J Cancer",41,1597,1603,"15925506",""
142,"Malignant triton tumor in a patient with Li-Fraumeni syndrome and a novel TP53 mutation","net.sourceforge.jtds.jdbc.ClobImpl@74639be",2005,"Pediatr Blood Cancer",,,,"16333835",""
143,"Hereditary breast cancer syndromes in a Turkish population. Results of molecular germline analysis","net.sourceforge.jtds.jdbc.ClobImpl@3e05fe66",2005,"Cancer Genet Cytogenet",160,164,168,"15993273",""
144,"A patient with TP53 germline mutation developed Bowen's disease and myelodysplastic syndrome with myelofibrosis after chemotherapy against ovarian cancer","net.sourceforge.jtds.jdbc.ClobImpl@3f0d668a",2005,"Intern Med",44,490,495,"15942101",""
145,"Atypical molecular background of glioblastoma and meningioma developed in a patient with Li-Fraumeni syndrome","net.sourceforge.jtds.jdbc.ClobImpl@75faa384",2005,"J Neurooncol",71,27,30,"15719270",""
146,"Germline p53 mutation presenting as synchronous tumors","net.sourceforge.jtds.jdbc.ClobImpl@4347ff4c",2005,"J Pediatr Hematol Oncol",27,441,443,"16096528",""
147,"Evaluation of the molecular mechanisms involved in the gain of function of a Li-Fraumeni TP53 mutation","net.sourceforge.jtds.jdbc.ClobImpl@5220df8c",2005,"Hum Mutat",26,94,103,"15977174",""
148,"Prevalence of early onset colorectal cancer in 397 patients with classic Li-Fraumeni syndrome","net.sourceforge.jtds.jdbc.ClobImpl@6cdda74",2006,"Gastroenterology",130,73,79,"16401470",""
149,"Inheritance of R337H p53 gene mutation in children with sporadic adrenocortical tumor","net.sourceforge.jtds.jdbc.ClobImpl@260bafaa",2005,"Horm Metab Res",37,231,235,"15952083",""
150,"Penetrance of adrenocortical tumours associated with the germline TP53 R337H mutation","net.sourceforge.jtds.jdbc.ClobImpl@5a4a99b8",2006,"J Med Genet",43,91,96,"16033918",""
151,"Successful treatment of an unresectable choroid plexus carcinoma in a patient with Li-Fraumeni syndrome","net.sourceforge.jtds.jdbc.ClobImpl@ec2f1c2",2005,"J Pediatr Hematol Oncol",27,46,49,"15654279",""
152,"Germline p53 single-base changes associated with Balkan endemic nephropathy","net.sourceforge.jtds.jdbc.ClobImpl@66349414",2006,"Biochem Biophys Res Commun",342,562,567,"16487937",""
153,"The TP53 mutational spectrum and frequency of CHEK2*1100delC in Li-Fraumeni-like kindreds","net.sourceforge.jtds.jdbc.ClobImpl@1db90187",2005,"Fam Cancer",4,177,181,"15951970",""
154,"Fibroadenoma with atypical giant cells occurring in Li Fraumeni Syndrome","net.sourceforge.jtds.jdbc.ClobImpl@1330dcd1",2001,"Breast",10,330,332,"14965603",""
155,"Spectrum of mutations in BRCA1, BRCA2, CHEK2, and TP53 in families at high risk of breast cancer","net.sourceforge.jtds.jdbc.ClobImpl@a657394",2006,"JAMA",295,1379,1388,"16551709",""
156,"Primary orbital liposarcoma in Li-Fraumeni cancer family syndrome: a case report","net.sourceforge.jtds.jdbc.ClobImpl@48b3d2f8",2005,"Tumori",91,96,100,"15850016",""
157,"Germline mutations of TP53 and BRCA2 genes in breast cancer/sarcoma families","net.sourceforge.jtds.jdbc.ClobImpl@1dd35750",2007,"Eur J Cancer",43,601,606,"17224268",""
158,"Late-onset common cancers in a kindred with an Arg213Gln TP53 germline mutation","net.sourceforge.jtds.jdbc.ClobImpl@890c66f",2006,"Fam Cancer",5,169,174,"16736287",""
159,"Identification of a novel germ line variant hotspot mutant p53-R175L in pediatric adrenal cortical carcinoma","net.sourceforge.jtds.jdbc.ClobImpl@2948ed3a",2006,"Cancer Res",66,5056,5062,"16707427",""
160,"A novel splice mutation in the TP53 gene associated with Leydig cell tumor and primitive neuroectodermal tumor","net.sourceforge.jtds.jdbc.ClobImpl@7fbadef9",2006,"Pediatr Blood Cancer",,,,"17066464",""
161,"A chronic myeloid leukemia-like syndrome case with del (12) (p12) in a Li-Fraumeni syndrome family","net.sourceforge.jtds.jdbc.ClobImpl@78d47f89",2005,"Clin Lab Haematol",27,135,138,"15784129",""
162,"Acute myelogenous leukemia in a patient with Li-Fraumeni syndrome treated with valproic acid, theophyllamine and all-trans retinoic acid: a case report","net.sourceforge.jtds.jdbc.ClobImpl@76f97d42",2006,"Leukemia",20,734,736,"16437140",""
163,"The first case of Li-Fraumeni syndrome in Bosnia and Herzegovina: case report","net.sourceforge.jtds.jdbc.ClobImpl@18b66f9a",2006,"Pathologica",98,156,159,"16929790",""
164,"BRCA1, BRCA2, TP53, and CDKN2A germline mutations in patients with breast cancer and cutaneous melanoma","net.sourceforge.jtds.jdbc.ClobImpl@31d23763",2007,"Fam Cancer",,,,"17624602",""
165,"Two TP53 germline mutations in a classical Li-Fraumeni syndrome family","net.sourceforge.jtds.jdbc.ClobImpl@6aa12ee7",2007,"Fam Cancer",6,311,316,"17318340",""
166,"Germline TP53 mutations in BRCA1 and BRCA2 mutation-negative French Canadian breast cancer families","net.sourceforge.jtds.jdbc.ClobImpl@570f5d9c",2008,"Breast Cancer Res Treat",108,399,408,"17541742",""
167,"Rapid Development of Post-radiotherapy Sarcoma and Breast Cancer in a Patient with a Novel Germline 'De-Novo'TP53 Mutation","net.sourceforge.jtds.jdbc.ClobImpl@7c6e3258",2007,"Clin Oncol (R Coll Radiol )",19,490,493,"17572079",""
168,"Recognition of Li Fraumeni syndrome at diagnosis of a locally advanced extremity rhabdomyosarcoma","net.sourceforge.jtds.jdbc.ClobImpl@5ca77b99",2007,"Pediatr Blood Cancer",48,345,348,"16534790",""
169,"Identification of a novel p53 in-frame deletion in a Li-Fraumeni-like family","net.sourceforge.jtds.jdbc.ClobImpl@3f12a0fc",2007,"Pediatr Blood Cancer",,,,"17554785",""
170,"[Germline tp53 neomutation in a patient with li-fraumeni syndrome and pancreatic adenocarcinoma]","net.sourceforge.jtds.jdbc.ClobImpl@125ce93f",2006,"Gastroenterol Clin Biol",30,484,486,"16633321",""
171,"p53 therapy in a patient with Li-Fraumeni syndrome","net.sourceforge.jtds.jdbc.ClobImpl@1fade5de",2007,"Mol Cancer Ther",6,1478,1482,"17483435",""
172,"Composite adrenal anaplastic neuroblastoma and virilizing adrenocortical tumor with germline TP53 R248W mutation","net.sourceforge.jtds.jdbc.ClobImpl@78312e01",2007,"Pediatr Blood Cancer",,,,"17427234",""
173,"EGFR-mutant lung adenocarcinoma in a patient with Li-Fraumeni syndrome","net.sourceforge.jtds.jdbc.ClobImpl@520e64bb",2007,"Lancet Oncol",8,559,560,"17540308",""
174,"Characterization of germline TP53 splicing mutations and their genetic and functional analysis","net.sourceforge.jtds.jdbc.ClobImpl@27ee7ad4",2001,"Oncogene",20,2647,2654,"11420676",""
175,"Tumor genomic profiling and TP53 germline mutation analysis of first-degree relative familial gliomas","net.sourceforge.jtds.jdbc.ClobImpl@571de8e2",2007,"Cancer Genet Cytogenet ",176,121,126,"17656254",""
176,"A rare tumor and an ethical dilemma in a family with a germline TP53 mutation","net.sourceforge.jtds.jdbc.ClobImpl@262d8526",2008,"Cancer Genet Cytogenet ",180,65,69,"18068537",""
177,"Younger age of cancer initiation is associated with shorter telomere length in Li-Fraumeni syndrome","net.sourceforge.jtds.jdbc.ClobImpl@7a716e4",2007,"Cancer Res ",67,1415,1418,"17308077","Add info sent by Malkin"
178,"Telomere length in peripheral blood cells of germline TP53 mutation carriers is shorter than that of normal individuals of corresponding age","net.sourceforge.jtds.jdbc.ClobImpl@53cbe41e",2007,"Cancer",110,694,702,"17567834",""
179,"Identification and characterization of a novel germ line p53 mutation in familial gastric cancer in the Japanese population","net.sourceforge.jtds.jdbc.ClobImpl@6b295c7d",2007,"Carcinogenesis",28,2013,2018,"17690113",""
180,"A Japanese patient with Li-Fraumeni syndrome who had nine primary malignancies associated with a germline mutation of the p53 tumor-suppressor gene","net.sourceforge.jtds.jdbc.ClobImpl@2167e08b",2008,"Int J Clin Oncol ",13,78,82,"18307025",""
181,"Identification of a novel TP53 germline mutation E285V in a rare case of paediatric adrenocortical carcinoma and choroid plexus carcinoma","net.sourceforge.jtds.jdbc.ClobImpl@1ec8c275",2008,"J Med Genet ",45,603,606,"18762572",""
182,"High prevalence of BRCA1 deletions in BRCAPRO-positive patients with high carrier probability","net.sourceforge.jtds.jdbc.ClobImpl@12af2ea6",2007,"Ann Oncol ",18,,,"17591842",""
183,"Detection of R337H, a germline TP53 mutation predisposing to multiple cancers, in asymptomatic women participating in a breast cancer screening program in Southern Brazil","net.sourceforge.jtds.jdbc.ClobImpl@3344523a",2008,"Cancer Lett ",261,21,25,"18248785",""
184,"Li-Fraumeni syndrome in a Malaysian kindred","net.sourceforge.jtds.jdbc.ClobImpl@2d398f61",2008,"Cancer Genet Cytogenet ",186,49,53,"18786442","Updated with ref-238"
185,"Association of the germline TP53 R337H mutation with breast cancer in southern Brazil","net.sourceforge.jtds.jdbc.ClobImpl@753a3bd9",2008,"BMC Cancer",8,357,,"19046423",""
186,"Choroid plexus carcinoma: a new case associated with a novel TP53 germ line mutation","net.sourceforge.jtds.jdbc.ClobImpl@1e8be1c6",2008,"Neuropathol Appl Neurobiol ",34,564,568,"18208484",""
187,"Molecular basis of the Li-Fraumeni syndrome: an update from the French LFS families","net.sourceforge.jtds.jdbc.ClobImpl@f4fa5af",2008,"J Med Genet ",45,535,538,"18511570",""
188,"Early detection of adrenocortical carcinoma in a child with Li-Fraumeni syndrome","net.sourceforge.jtds.jdbc.ClobImpl@6eec71a0",2009,"Pediatr Blood Cancer",52,541,544,"19101993",""
189,"Multiple tumors in a child with germ-line mutations in TP53 and PTEN","net.sourceforge.jtds.jdbc.ClobImpl@4a2c6b57",2008,"N Engl J Med ",359,537,539,"18669439",""
190,"Early-onset of sporadic basal-cell carcinoma: germline mutations in the TP53, PTCH, and XPD genes","net.sourceforge.jtds.jdbc.ClobImpl@b683605",2007,"P R Health Sci J ",26,349,354,"18246963",""
191,"Germline p53 mutation in a Micronesian child with adrenocortical carcinoma and subsequent osteosarcoma","net.sourceforge.jtds.jdbc.ClobImpl@79f8981a",2008,"J Pediatr Hematol Oncol ",30,803,806,"18989156",""
192,"A molecular approach for identifying individuals with Li-Fraumeni syndrome who have a limited family history","net.sourceforge.jtds.jdbc.ClobImpl@749487f4",2009,"Clin Genet ",75,294,297,"19250386",""
193,"Genetic counseling can influence the course of a suspected familial cancer syndrome patient: from a case of Li-Fraumeni like syndrome with a germline mutation in the TP53 gene","net.sourceforge.jtds.jdbc.ClobImpl@5dcb2ce2",2008,"Korean J Lab Med ",28,493,497,"19127115",""
194,"Identification of a novel TP53 germline mutation in a large Italian Li-Fraumeni syndrome Family","net.sourceforge.jtds.jdbc.ClobImpl@17d9e140",2009,"Pediatr Blood Cancer",52,303,304,"18937320",""
195,"Direct Submission","net.sourceforge.jtds.jdbc.ClobImpl@2a5c83e9",2009,"Unpublished",,,,"NA","www.santa.lt;One case published in Janavicius 2011"
196,"TP53PIN3 and MDM2 SNP309 polymorphisms as genetic modifiers in the Li-Fraumeni syndrome: impact on age at first diagnosis","net.sourceforge.jtds.jdbc.ClobImpl@7a270a71",2009,"J Med Genet ",46,766,772,"19542078",""
197,"IARC data","net.sourceforge.jtds.jdbc.ClobImpl@7e8f85eb",2009,"Unpublished",,,,"NA",""
198,"IARC data","net.sourceforge.jtds.jdbc.ClobImpl@2604a89b",2009,"Unpublished",,,,"NA",""
199,"IARC data","net.sourceforge.jtds.jdbc.ClobImpl@68893479",2009,"Unpublished",,,,"NA",""
200,"A novel TP53 germline mutation in a family with a history of multiple malignancies: case report and review of the literature","net.sourceforge.jtds.jdbc.ClobImpl@2a3fcf9b",2008,"Pediatr Neurosurg ",44,501,508,"19127094",""
201,"Identification and characterization of two novel germ line p53 mutations in the non-LFS/non-LFL breast cancer families in Chinese population","net.sourceforge.jtds.jdbc.ClobImpl@281da7ea",2009,"Breast Cancer Res Treat ",119,295,303,"19238535",""
202,"p53 tetramerization domain mutations: germline R342X and R342P, and somatic R337G identified in pediatric patients with Li-Fraumeni syndrome and a child with adrenocortical carcinoma","net.sourceforge.jtds.jdbc.ClobImpl@2bde9202",2009,"Fam Cancer",8,541,546,"19714490",""
204,"The prevalence of germ-line TP53 mutations in women diagnosed with breast cancer before age 30","net.sourceforge.jtds.jdbc.ClobImpl@ad551fc",2009,"Fam Cancer",,,,"19714488",""
205,"Virilizing adrenocortical carcinoma in a child with Turner syndrome and somatic TP53 gene mutation","net.sourceforge.jtds.jdbc.ClobImpl@5ec2142a",2009,"Eur J Pediatr ",,,,"19701813",""
206,"TP53 germline mutations in Portugal and genetic modifiers of age at cancer onset","net.sourceforge.jtds.jdbc.ClobImpl@1b25daef",2009,"Fam Cancer",,,,"19468865",""
207,"Novel oncogene amplifications in tumors from a family with Li-Fraumeni syndrome","net.sourceforge.jtds.jdbc.ClobImpl@4434150b",2009,"Genes Chromosomes Cancer",48,558,568,"19378321",""
208,"De novo germline TP53 mutation presenting with synchronous malignancies of the central nervous system","net.sourceforge.jtds.jdbc.ClobImpl@644ef6c0",2009,"Pediatr Blood Cancer",,,,"19711436",""
209,"Predictive diagnosis of the cancer prone Li-Fraumeni syndrome by accident: new challenges through whole genome array testing","net.sourceforge.jtds.jdbc.ClobImpl@2ae3dd27",2009,"J Med Genet ",46,341,344,"19269943",""
210,"Identification and characterization of a novel germline p53 mutation in a patient with glioblastoma and colon cancer","net.sourceforge.jtds.jdbc.ClobImpl@1f249836",2009,"Int J Cancer",125,973,976,"19405127",""
211,"[Identification of a novel TP53 germline mutation in one child with adrenocortical carcinoma.]","net.sourceforge.jtds.jdbc.ClobImpl@7b5c5a94",2009,"Zhonghua Yi Xue Za Zhi ",89,1402,1404,"19671334",""
212,"High frequency of de novo mutations in Li-Fraumeni syndrome","net.sourceforge.jtds.jdbc.ClobImpl@68b75bc9",2009,"J Med Genet ",46,689,693,"19556618",""
213,"Identification of a novel germ-line mutation in the TP53 gene in a Mexican family with Li-Fraumeni syndrome","net.sourceforge.jtds.jdbc.ClobImpl@5c09b91d",2009,"World J Surg Oncol",7,97,,"20017945",""
214,"Germline TP53 mutations and single nucleotide polymorphisms in children","net.sourceforge.jtds.jdbc.ClobImpl@67576f82",2009,"Medicina (B Aires)",69,143,147,"19414295",""
215,"Beyond BRCA1 and BRCA2 wild-type breast and/or ovarian cancer families: germline mutations in TP53 and PTEN","net.sourceforge.jtds.jdbc.ClobImpl@7e461106",2010,"Clin Genet ",77,193,196,"19930417",""
216,"The Li-Fraumeni syndrome (LFS): a model for the initiation of p53 signatures in the distal Fallopian tube","net.sourceforge.jtds.jdbc.ClobImpl@2cfd7414",2010,"J Pathol ",220,17,23,"19834951",""
217,"p53+/mdm2- atypical lipomatous tumor/well-differentiated liposarcoma in young children: an early expression of Li-Fraumeni syndrome","net.sourceforge.jtds.jdbc.ClobImpl@3dade1c7",2010,"Pediatr Dev Pathol ",13,218,224,"20028212",""
218,"Heterozygous TP53stop146/R72P fibroblasts from a Li-Fraumeni syndrome patient with impaired response to DNA damage","net.sourceforge.jtds.jdbc.ClobImpl@615aa28f",2010,"Int J Oncol",36,983,990,"20198344",""
219,"Li-Fraumeni syndrome in a Turkish family","net.sourceforge.jtds.jdbc.ClobImpl@2f5a4183",2010,"Pediatr Hematol Oncol",27,297,305,"20426520",""
220,"Li Fraumeni syndrome: a case with multiple primary cancers and presenting a germline p53 mutation","net.sourceforge.jtds.jdbc.ClobImpl@68c0dda8",2010,"Ann Biol Clin (Paris)",68,346,350,"20478780",""
221,"Population-based estimate of the contribution of TP53 mutations to subgroups of early-onset breast cancer: Australian Breast Cancer Family Study","net.sourceforge.jtds.jdbc.ClobImpl@3ab1aaae",2010,"Cancer Res ",70,4795,4800,"20501846",""
222,"Inherited germline TP53 mutation encodes a protein with an aberrant C-terminal motif in a case of pediatric adrenocortical tumor","net.sourceforge.jtds.jdbc.ClobImpl@e4b29ad",2010,"Fam Cancer",,,,"20967502",""
223,"TP53 germline mutation testing in 180 families suspected of Li-Fraumeni syndrome: mutation detection rate and relative frequency of cancers in different familial phenotypes","net.sourceforge.jtds.jdbc.ClobImpl@736027be",2010,"J Med Genet",47,421,428,"20522432",""
224,"A novel HER2-positive breast cancer phenotype arising from germline TP53 mutations","net.sourceforge.jtds.jdbc.ClobImpl@1d2399e7",2010,"J Med Genet",47,771,774,"20805372","corrections provided by D.Eccles"
225,"IARC data","net.sourceforge.jtds.jdbc.ClobImpl@2af0a437",2011,"Unpublished",,,,"NA","Updated with ref-238"
226,"IARC data","net.sourceforge.jtds.jdbc.ClobImpl@7da1e685",2011,"Unpublished",,,,"NA",""
227,"Early occurrence of lung adenocarcinoma and breast cancer after radiotherapy of a chest wall sarcoma in a patient with a de novo germline mutation in TP53","net.sourceforge.jtds.jdbc.ClobImpl@f8e6358",2011,"Fam Cancer",10,187,192,"21225465",""
228,"Identification of a novel TP53 cancer susceptibility mutation through whole-genome sequencing of a patient with therapy-related AML","net.sourceforge.jtds.jdbc.ClobImpl@e632fef",2011,"JAMA",305,1568,1576,"21505135",""
229,"Radio-induced malignancies after breast cancer postoperative radiotherapy in patients with Li-Fraumeni syndrome","net.sourceforge.jtds.jdbc.ClobImpl@211de308",2010,"Radiat Oncol ",5,104,,"21059199",""
230,"Novel germ line mutation p53-P177R in adult adrenocortical carcinoma producing neuron-specific enolase as a possible marker","net.sourceforge.jtds.jdbc.ClobImpl@53faac60",2010,"Jpn J Clin Oncol ",40,815,818,"20421238",""
231,"Acute lymphoblastic leukemia after temozolomide treatment for anaplastic astrocytoma in a child with a germline TP53 mutation","net.sourceforge.jtds.jdbc.ClobImpl@2f1281e4",2010,"Pediatr Blood Cancer",55,577,579,"20658636",""
232,"Survey of familial glioma and role of germline p16INK4A/p14ARF and p53 mutation","net.sourceforge.jtds.jdbc.ClobImpl@3819dfbe",2010,"Fam Cancer",9,413,421,"20455025",""
233,"Rhabdomyosarcoma-associated renal cell carcinoma: a link with constitutional Tp53 mutation","net.sourceforge.jtds.jdbc.ClobImpl@76526e16",2011,"Pediatr Dev Pathol ",14,248,251,"21054160",""
234,"Late onset Li-Fraumeni syndrome with bilateral breast cancer and other malignancies: case report and review of the literature","net.sourceforge.jtds.jdbc.ClobImpl@70cd4510",2012,"BMC Cancer",12,217,,"22672556",""
235,"Association of germline or somatic TP53 missense mutation with oncogene amplification in tumors developed in patients with Li-Fraumeni or Li-Fraumeni-like syndrome","net.sourceforge.jtds.jdbc.ClobImpl@4bebe74c",2011,"Genes Chromosomes Cancer",50,535,545,"21484931",""
236,"The R337H mutation in TP53 and breast cancer in Brazil","net.sourceforge.jtds.jdbc.ClobImpl@3d7935a0",2012,"Hered Cancer Clin Pract ",10,3,,"22455664",""
237,"Germline mutations in the DNA damage response genes BRCA1, BRCA2, BARD1 and TP53 in patients with therapy related myeloid neoplasms","net.sourceforge.jtds.jdbc.ClobImpl@583edec7",2012,"J Med Genet ",49,422,428,"22652532",""
238,"Childhood adrenocortical carcinoma as a sentinel cancer for detecting families with germline TP53 mutations","net.sourceforge.jtds.jdbc.ClobImpl@4241e515",2012,"Clin Genet ",,,,"22233476",""
239,"Functional studies of a novel germline p53 splicing mutation identified in a patient with Li-Fraumeni-like syndrome","net.sourceforge.jtds.jdbc.ClobImpl@5604bb96",2012,"Mol Carcinog ",,,,"22495821",""
240,"Prevalence of germline TP53 mutations and history of Li-Fraumeni syndrome in families with childhood adrenocortical tumors, choroid plexus tumors, and rhabdomyosarcoma: A population-based survey","net.sourceforge.jtds.jdbc.ClobImpl@22a440c3",2012,"Pediatr Blood Cancer",,,,"22653678",""
241,"BRCA1, TP53, and CHEK2 germline mutations in uterine serous carcinoma","net.sourceforge.jtds.jdbc.ClobImpl@c427ab6",2012,"Cancer",,,,"22811390",""
242,"Comparable frequency of BRCA1, BRCA2 and TP53 germline mutations in a multi-ethnic Asian cohort suggests TP53 screening should be offered together with BRCA1/2 screening to early-onset breast cancer patients","net.sourceforge.jtds.jdbc.ClobImpl@41664f66",2012,"Breast Cancer Res ",14,,,"22507745",""
243,"A prospective biological study in relation to a family with Li-Fraumeni syndrome","net.sourceforge.jtds.jdbc.ClobImpl@324d84d7",2012,"Clin Transl Oncol",14,396,398,"22551548",""
244,"Therapy-related myeloid neoplasm in a patient with TP53 mutation: a dilemma in allogeneic stem cell transplant","net.sourceforge.jtds.jdbc.ClobImpl@326f7805",2010,"Leuk Lymphoma",51,1144,1147,"20443677",""
254,"Direct submission","net.sourceforge.jtds.jdbc.ClobImpl@2d673334",2013,"Unpublished",,,,"NA",""
255,"High Frequency of Germline TP53 Mutations in a Prospective Adult-Onset Sarcoma Cohort","net.sourceforge.jtds.jdbc.ClobImpl@5e895481",2013,"PLoS One ",8,,,"23894400","additional data from direct submission"
256,"Comprehensive analysis of BRCA1, BRCA2 and TP53 germline mutation and tumor characterization: a portrait of early-onset breast cancer in Brazil","net.sourceforge.jtds.jdbc.ClobImpl@bc18bb",2013,"PLoS One ",8,,,"23469205",""
257,"Whole exome sequencing of pediatric gastric adenocarcinoma reveals an atypical presentation of Li-Fraumeni syndrome","net.sourceforge.jtds.jdbc.ClobImpl@49daf7f9",2013,"Pediatr Blood Cancer",60,570,574,"23015295",""
258,"A young woman with bilateral breast cancer: identifying a genetic cause and implications for management","net.sourceforge.jtds.jdbc.ClobImpl@5d309365",2013,"J Natl Compr Canc Netw ",11,512,517,"23667202",""
259,"TP53 p.R337H is a conditional cancer-predisposing mutation: further evidence from a homozygous patient","net.sourceforge.jtds.jdbc.ClobImpl@4989e91e",2013,"BMC Cancer",13,187,,"23570263",""
261,"TP53 germline mutations in adult patients with adrenocortical carcinoma","net.sourceforge.jtds.jdbc.ClobImpl@29904954",2012,"J Clin Endocrinol Metab",97,,,"22170717",""
262,"De novo childhood myelodysplastic/myeloproliferative disease with unique molecular characteristics","net.sourceforge.jtds.jdbc.ClobImpl@376b06a0",2012,"Br J Haematol ",158,129,137,"22571758",""
263,"Pleomorphic carcinoma of the lung arising in a patient with Li-Fraumeni syndrome: report of a case","net.sourceforge.jtds.jdbc.ClobImpl@6e191093",2011,"Surg Today",41,841,845,"21626334",""
265,"Routine TP53 testing for breast cancer under age 30: ready for prime time?","net.sourceforge.jtds.jdbc.ClobImpl@685ed557",2012,"Fam Cancer",11,607,613,"22851211",""
266,"Early onset HER2-positive breast cancer is associated with germline TP53 mutations","net.sourceforge.jtds.jdbc.ClobImpl@43afebe1",2012,"Cancer",118,908,913,"21761402",""
267,"[Radiation-induced Intracranial Osteosarcoma after Radiation for Acute Lymphocytic Leukemia Associated with Li-Fraumeni Syndrome]","net.sourceforge.jtds.jdbc.ClobImpl@2c9ebb32",2013,"No Shinkei Geka",41,499,505,"23732761",""
268,"The germline TP53 mutation c.722 C>T promotes bone and liver tumorigenesis at a young age","net.sourceforge.jtds.jdbc.ClobImpl@a25abba",2012,"Pediatr Blood Cancer",59,1332,1333,"22887876",""
269,"An identical, complex TP53 mutation arising independently in two unrelated families with diverse cancer profiles: the complexity of interpreting cancer risk in carriers","net.sourceforge.jtds.jdbc.ClobImpl@144f33c4",2012,"Oncogenesis ",1,,,"23552518",""
270,"Identification of TP53 as an acute lymphocytic leukemia susceptibility gene through exome sequencing","net.sourceforge.jtds.jdbc.ClobImpl@2883324f",2013,"Pediatr Blood Cancer",60,,,"23255406",""
271,"Prevalence of germline TP53 mutations in HER2+ breast cancer patients","net.sourceforge.jtds.jdbc.ClobImpl@711d4b46",2013,"Breast Cancer Res Treat ",139,193,198,"23580068",""
272,"Novel p53 splicing site mutation in Li-Fraumeni-like syndrome with osteosarcoma","net.sourceforge.jtds.jdbc.ClobImpl@564246a4",2013,"Pediatr Int ",55,107,111,"23409989",""
273,"Novel human pathological mutations. Gene symbol: TP53. Disease: Li-Fraumeni syndrome","net.sourceforge.jtds.jdbc.ClobImpl@3b7e8ebb",2010,"Hum Genet ",127,480,,"21488255",""
274,"Biochemical and imaging surveillance in germline TP53 mutation carriers with Li-Fraumeni syndrome: a prospective observational study","net.sourceforge.jtds.jdbc.ClobImpl@adec2d1",2011,"Lancet Oncol",12,559,567,"21601526",""
275,"Genome sequencing of pediatric medulloblastoma links catastrophic DNA rearrangements with TP53 mutations","net.sourceforge.jtds.jdbc.ClobImpl@1102ffb7",2012,"Cell",148,59,71,"22265402",""
276,"Clinical impact of TP53 alterations in adrenocortical carcinomas","net.sourceforge.jtds.jdbc.ClobImpl@5531fc55",2012,"Langenbecks Arch Surg ",397,209,216,"22203015",""
277,"Increased oxidative metabolism in the Li-Fraumeni syndrome","net.sourceforge.jtds.jdbc.ClobImpl@1a75bb1e",2013,"N Engl J Med ",368,1027,1032,"23484829",""
278,"Multiple malignancies in a child with de novo TP53 mutation","net.sourceforge.jtds.jdbc.ClobImpl@66412acb",2011,"Pediatr Hematol Oncol",28,338,343,"21345075",""
279,"Joint effects of germ-line TP53 mutation, MDM2 SNP309, and gender on cancer risk in family studies of Li-Fraumeni syndrome","net.sourceforge.jtds.jdbc.ClobImpl@60389ef3",2011,"Hum Genet ",129,663,673,"21305319",""
280,"Drastic effect of germline TP53 missense mutations in Li-Fraumeni patients","net.sourceforge.jtds.jdbc.ClobImpl@3ab105f5",2013,"Hum Mutat ",34,453,461,"23172776",""
281,"Increased incidence of choroid plexus carcinoma due to the germline TP53 R337H mutation in southern Brazil","net.sourceforge.jtds.jdbc.ClobImpl@d2bf4f6",2011,"PLoS One ",6,,,"21445348",""
282,"Clinical and molecular aspects of a pediatric metachronous adrenocortical tumor","net.sourceforge.jtds.jdbc.ClobImpl@625380ea",2011,"Arq Bras Endocrinol Metabol ",55,72,77,"21468523",""
284,"A pathogenic mosaic TP53 mutation in two germ layers detected by next generation sequencing","net.sourceforge.jtds.jdbc.ClobImpl@46b85555",2014,"PLoS One ",9,,,"24810334",""
285,"Double heterozygosity for germline mutations in BRCA1 and p53 in a woman with early onset breast cancer","net.sourceforge.jtds.jdbc.ClobImpl@74147eda",2014,"Breast Cancer Res Treat ",146,447,450,"24916180",""
286,"Next-generation sequencing for the diagnosis of hereditary breast and ovarian cancer using genomic capture targeting multiple candidate genes","net.sourceforge.jtds.jdbc.ClobImpl@264aa8ea",2014,"Eur J Hum Genet ",,,,"24549055",""
287,"Germline TP53 mutations is common in patients with two early-onset primary malignancies","net.sourceforge.jtds.jdbc.ClobImpl@58602819",2015,"Clin Genet ",87,499,501,"25293557",""
288,"A case of late-onset Li-Fraumeni-like syndrome with unilateral breast cancer","net.sourceforge.jtds.jdbc.ClobImpl@5c76ccbd",2013,"Ann Lab Med ",33,212,216,"23667851",""
289,"Inherited predisposition to breast cancer among African American women","net.sourceforge.jtds.jdbc.ClobImpl@bc38b47",2015,"Breast Cancer Res Treat ",149,31,39,"25428789",""
290,"Simultaneous Adrenocortical Carcinoma and Neuroblastoma in an Infant With a Novel Germline p53 Mutation","net.sourceforge.jtds.jdbc.ClobImpl@78bd7f2d",2014,"J Pediatr Hematol Oncol ",,,,"25374282",""
291,"TP53 p.R337H prevalence in a series of Brazilian hereditary breast cancer families","net.sourceforge.jtds.jdbc.ClobImpl@21c4b0c3",2014,"Hered Cancer Clin Pract ",12,8,,"24625245",""
293,"EFGR-mutant lung adenocarcinoma and Li-Fraumeni syndrome: report of two cases and review of the literature","net.sourceforge.jtds.jdbc.ClobImpl@4b3d8362",2015,"Lung Cancer",87,80,84,"25433984",""
294,"Successful treatment of a patient with Li-Fraumeni syndrome and metastatic lung adenocarcinoma harboring synchronous EGFR L858R and ERBB2 extracellular domain S310F mutations with the pan-HER inhibitor afatinib","net.sourceforge.jtds.jdbc.ClobImpl@5cb3b0f1",2014,"Cancer Biol Ther ",15,970,974,"24835218",""
295,"Clinical response to a lapatinib-based therapy for a Li-Fraumeni syndrome patient with a novel HER2V659E mutation","net.sourceforge.jtds.jdbc.ClobImpl@4f64f85d",2013,"Cancer Discov ",3,1238,1244,"23950206",""
296,"EGFR-mutated lung cancer in Li-Fraumeni syndrome","net.sourceforge.jtds.jdbc.ClobImpl@4b221bda",2014,"Lung Cancer",,,,"25047674",""
297,"Genetic evaluation based on family history and Her2 status correctly identifies TP53 mutations in very early onset breast cancer cases","net.sourceforge.jtds.jdbc.ClobImpl@6c23a74f",2014,"Clin Genet ",,,,"24702488",""
298,"Multiplex genetic cancer testing identifies pathogenic mutations in TP53 and CDH1 in a patient with bilateral breast and endometrial adenocarcinoma","net.sourceforge.jtds.jdbc.ClobImpl@2d56a602",2013,"BMC Med Genet ",14,129,,"24373500",""
299,"Establishment and characterization of the first pediatric adrenocortical carcinoma xenograft model identifies topotecan as a potential chemotherapeutic agent","net.sourceforge.jtds.jdbc.ClobImpl@459815e5",2013,"Clin Cancer Res ",19,1740,1747,"23406775",""
300,"Further evidence for pathogenicity of the TP53 tetramerization domain mutation p.Arg342Pro in Li-Fraumeni syndrome","net.sourceforge.jtds.jdbc.ClobImpl@1e3f2a47",2014,"Fam Cancer",,,,"25226867",""
303,"Prevalence of Germline Mutations in Cancer Predisposition Genes in Patients With Pancreatic Cancer","net.sourceforge.jtds.jdbc.ClobImpl@6f57ef10",2014,"Gastroenterology",,,,"25479140",""
304,"Anaplastic rhabdomyosarcoma in TP53 germline mutation carriers","net.sourceforge.jtds.jdbc.ClobImpl@77a9324e",2014,"Cancer",120,1068,1075,"24382691",""
305,"Integrated analysis of germline and somatic variants in ovarian cancer","net.sourceforge.jtds.jdbc.ClobImpl@721b2663",2014,"Nat Commun ",5,3156,,"24448499",""
306,"Genome sequencing of SHH medulloblastoma predicts genotype-related response to smoothened inhibition","net.sourceforge.jtds.jdbc.ClobImpl@15915775",2014,"Cancer Cell",25,393,405,"24651015",""
307,"Li-Fraumeni syndrome: multiple distinct brain tumours in two brothers","net.sourceforge.jtds.jdbc.ClobImpl@456e05b8",2014,"Neurochirurgie",60,51,54,"24636404",""
308,"Frequency of mutations in individuals with breast cancer referred for BRCA1 and BRCA2 testing using next-generation sequencing with a 25-gene panel","net.sourceforge.jtds.jdbc.ClobImpl@7beb7419",2015,"Cancer",121,25,33,"25186627",""
309,"Germline TP53 variants and susceptibility to osteosarcoma","net.sourceforge.jtds.jdbc.ClobImpl@50687d39",2015,"J Natl Cancer Inst ",107,,,"25896519",""
310,"Two co-existing germline mutations P53 V157D and PMS2 R20Q promote tumorigenesis in a familial cancer syndrome","net.sourceforge.jtds.jdbc.ClobImpl@4f5da2be",2014,"Cancer Lett ",342,36,42,"23981578",""
311,"Prevalence and Functional Consequence of TP53 Mutations in Pediatric Adrenocortical Carcinoma: A Children's Oncology Group Study","net.sourceforge.jtds.jdbc.ClobImpl@7a2b2d28",2015,"J Clin Oncol ",,,,"25584008",""
312,"Lack of toxicity in a patient with germline TP53 mutation treated with radiotherapy","net.sourceforge.jtds.jdbc.ClobImpl@5ac0d5c8",2014,"Curr Oncol ",21,,,"24764719",""
313,"TP53 intron 1 hotspot rearrangements are specific to sporadic osteosarcoma and can cause Li-Fraumeni syndrome","net.sourceforge.jtds.jdbc.ClobImpl@4952fa1c",2015,"Oncotarget ",6,7727,7740,"25762628",""
315,"Identification of a comprehensive spectrum of genetic factors for hereditary breast cancer in a Chinese population by next-generation sequencing","net.sourceforge.jtds.jdbc.ClobImpl@6bb8f9da",2015,"PLoS One ",10,,,"25927356",""
316,"Germline TP53 Mutations in Patients With Early-Onset Colorectal Cancer in the Colon Cancer Family Registry","net.sourceforge.jtds.jdbc.ClobImpl@48d9dbe8",2015,"JAMA Oncol ",1,214,221,"26086041",""
317,"TP53 germline mutation may affect response to anticancer treatments: analysis of an intensively treated Li-Fraumeni family","net.sourceforge.jtds.jdbc.ClobImpl@146b29ae",2015,"Breast Cancer Res Treat ",151,671,678,"25981898",""
318,"A child with Li-Fraumeni syndrome: Modes to inactivate the second allele of TP53 in three different malignancies","net.sourceforge.jtds.jdbc.ClobImpl@4ab7a325",2015,"Pediatr Blood Cancer",62,1481,1484,"25787918",""
319,"Germline TP53 mutational spectrum in French Canadians with breast cancer","net.sourceforge.jtds.jdbc.ClobImpl@666de580",2015,"BMC Med Genet ",16,24,,"25925845",""
320,"Transmission of germline TP53 mutations from male carriers to female partners","net.sourceforge.jtds.jdbc.ClobImpl@60ed743e",2015,"J Med Genet ",52,145,146,"25612911",""
321,"Germline TP53 mutations result into a constitutive defect of p53 DNA binding and transcriptional response to DNA damage","net.sourceforge.jtds.jdbc.ClobImpl@2d0617d4",2017,"Hum Mol Genet ",26,2812,,"28472496",""
322,"Does PTEN gene mutation play any role in Li-Fraumeni syndrome","net.sourceforge.jtds.jdbc.ClobImpl@5adf37da",2016,"Med J Islam Repub Iran",30,378,,"27493922",""
323,"TP53 and CDKN1A mutation analysis in families with Li-Fraumeni and Li-Fraumeni like syndromes","net.sourceforge.jtds.jdbc.ClobImpl@539798e4",2017,"Fam Cancer",16,243,248,"27714481",""
324,"TP53 germline and somatic mutations in a patient with fibrolamellar hepatocellular carcinoma","net.sourceforge.jtds.jdbc.ClobImpl@58505a2c",2017,"Fam Cancer",,,,"28477317",""
326,"Gestational choriocarcinoma associated with a germline TP53 mutation","net.sourceforge.jtds.jdbc.ClobImpl@45f54e45",2018,"Fam Cancer",,,,"28477316",""
327,"Allele-specific wild-type TP53 expression in the unaffected carrier parent of children with Li-Fraumeni syndrome","net.sourceforge.jtds.jdbc.ClobImpl@6637d0c6",2017,"Cancer Genet ",211,9,17,"28279309",""
328,"Germline Mutations in Cancer Predisposition Genes are Frequent in Sporadic Sarcomas","net.sourceforge.jtds.jdbc.ClobImpl@988345c",2017,"Sci Rep ",7,10660,,"28878254",""
329,"Inherited mutations in cancer susceptibility genes are common among survivors of breast cancer who develop therapy-related leukemia","net.sourceforge.jtds.jdbc.ClobImpl@53539e7b",20,"Cancer",122,304,311,"26641009",""
330,"Molecular Guided Therapy Provides Sustained Clinical Response in Refractory Choroid Plexus Carcinoma","net.sourceforge.jtds.jdbc.ClobImpl@3cbb6532",2017,"Front Pharmacol ",8,652,,"28993730",""
331,"Transmission of a TP53 germline mutation from unaffected male carrier associated with pediatric glioblastoma in his child and gestational choriocarcinoma in his female partner1","net.sourceforge.jtds.jdbc.ClobImpl@64d22383",2018,"Cold Spring Harb Mol Case Stud ",4,,,"29581140",""
334,"Evaluation of Patients and Families With Concern for Predispositions to Hematologic Malignancies Within the Hereditary Hematologic Malignancy Clinic (HHMC)","net.sourceforge.jtds.jdbc.ClobImpl@2c30d191",2016,"Clin Lymphoma Myeloma Leuk ",16,417,428,"27210295",""
335,"Undefined familial colorectal cancer and the role of pleiotropism in cancer susceptibility genes","net.sourceforge.jtds.jdbc.ClobImpl@63df222a",2016,"Fam Cancer",15,593,599,"27356891",""
336,"Whole-exome analysis of a Li-Fraumeni family trio with a novel TP53 PRD mutation and anticipation profile","net.sourceforge.jtds.jdbc.ClobImpl@42a5996",2017,"Carcinogenesis",38,938,943,"28911001",""
337,"Genomic analysis of inherited breast cancer among Palestinian women: Genetic heterogeneity and a founder mutation in TP531","net.sourceforge.jtds.jdbc.ClobImpl@7111bcab",2017,"Int J Cancer",141,750,756,"28486781",""
340,"Gene panel testing of 5589 BRCA1/2-negative index patients with breast cancer in a routine diagnostic setting: results of the German Consortium for Hereditary Breast and Ovarian Cancer1","net.sourceforge.jtds.jdbc.ClobImpl@5b875741",2018,"Cancer Med ",7,1349,1358,"29522266",""
341,"Genomic analysis of the origins and evolution of multicentric diffuse lower-grade gliomas","net.sourceforge.jtds.jdbc.ClobImpl@4153e069",2017,"Neuro Oncol ",,,,"29077933",""
342,"Pathogenic Mutations in Cancer-Predisposing Genes: A Survey of 300 Patients with Whole-Genome Sequencing and Lifetime Electronic Health Records","net.sourceforge.jtds.jdbc.ClobImpl@1763e73c",2016,"PLoS One ",11,,,"27930734",""
343,"Pathogenic Germline Variants in 10,389 Adult Cancers1","net.sourceforge.jtds.jdbc.ClobImpl@6b6be59f",2018,"Cell",173,355,370,"29625052",""
344,"Genetic and functional analysis of a Li Fraumeni syndrome family in China","net.sourceforge.jtds.jdbc.ClobImpl@a378aec",2016,"Sci Rep ",6,20221,,"26818906",""
345,"Next-generation sequencing in familial breast cancer patients from Lebanon","net.sourceforge.jtds.jdbc.ClobImpl@54b9736b",2017,"BMC Med Genomics",10,8,,"28202063",""
346,"The benefit and burden of cancer screening in Li-Fraumeni syndrome: a case report","net.sourceforge.jtds.jdbc.ClobImpl@5c6b34c7",2015,"Yale J Biol Med ",88,181,185,"26029016",""
347,"A novel dysfunctional germline P53 mutation identified in a family with Li-Fraumeni syndrome1","net.sourceforge.jtds.jdbc.ClobImpl@681865c8",2018,"Am J Cancer Res ",8,165,169,"29416929",""
348,"Genetic features of myelodysplastic syndrome and aplastic anemia in pediatric and young adult patients","net.sourceforge.jtds.jdbc.ClobImpl@5ecee2cd",2016,"Haematologica",101,1343,1350,"27418648",""
349,"A novel germline TP53 mutation p.Pro190Arg detected in a patient with lung and bilateral breast cancers","net.sourceforge.jtds.jdbc.ClobImpl@41f3f054",2017,"Adv Med Sci ",62,207,210,"28499267",""
350,"Autism spectrum disorder and Li-Fraumeni syndrome: purely coincidental or mechanistically associated?","net.sourceforge.jtds.jdbc.ClobImpl@443b29a1",2017,"Mol Cell Pediatr ",4,8,,"28983852",""
351,"Detection of Germline Mutation in Hereditary Breast and/or Ovarian Cancers by Next-Generation Sequencing on a Four-Gene Panel","net.sourceforge.jtds.jdbc.ClobImpl@6fa622cb",2016,"J Mol Diagn ",18,580,594,"27157322",""
352,"Targeted massively parallel sequencing of a panel of putative breast cancer susceptibility genes in a large cohort of multiple-case breast and ovarian cancer families","net.sourceforge.jtds.jdbc.ClobImpl@46d77d78",2016,"J Med Genet ",53,34,42,"26534844",""
353,"Multiple gene sequencing for risk assessment in patients with early-onset or familial breast cancer","net.sourceforge.jtds.jdbc.ClobImpl@18f844a6",2016,"Oncotarget ",7,8310,8320,"26824983",""
354,"Genetic analysis in a patient with nine primary malignant neoplasms: a rare case of Li-Fraumeni syndrome","net.sourceforge.jtds.jdbc.ClobImpl@5930039",2016,"Oncol Rep ",35,1519,1528,"26707089",""
355,"A novel TP53 germline inframe deletion identified in a Spanish series of Li-fraumeni syndrome suspected families","net.sourceforge.jtds.jdbc.ClobImpl@5b7dda3a",2017,"Fam Cancer",16,567,575,"28573494",""
356,"Incidental germline variants in 1000 advanced cancers on a prospective somatic genomic profiling protocol","net.sourceforge.jtds.jdbc.ClobImpl@263c4090",2016,"Ann Oncol ",27,795,800,"26787237",""
357,"Breast cancer in patients with Li-Fraumeni syndrome - a case-series study and review of literature","net.sourceforge.jtds.jdbc.ClobImpl@7cbbfd85",2017,"Breast Cancer (Dove Med Press)",9,207,215,"28356770",""
358,"Next generation sequencing is informing phenotype: a TP53 example","net.sourceforge.jtds.jdbc.ClobImpl@6134b8e3",2017,"Fam Cancer",,,,"28509937",""
359,"Germline TP53 Mutation and Clinical Characteristics of Korean Patients With Li-Fraumeni Syndrome","net.sourceforge.jtds.jdbc.ClobImpl@54ad02f5",2016,"Ann Lab Med ",36,463,468,"27374712",""
360,"Osteosarcoma with Adenocarcinoma of Lung in Li-Fraumeni Syndrome: A Case Report","net.sourceforge.jtds.jdbc.ClobImpl@10d1e030",2014,"J Korean Bone Joint Tumor Soc",20,99,103,"NA",""
361,"Family of Li-Fraumeni Syndrome with a Germline Mutation in the p53 Gene","net.sourceforge.jtds.jdbc.ClobImpl@33a5707a",2009,"Clin Pediatr Hematol Oncol",,38,42,"NA",""
362,"Diagnostic Yield of Clinical Tumor and Germline Whole-Exome Sequencing for Children With Solid Tumors","net.sourceforge.jtds.jdbc.ClobImpl@7712354d",2016,"JAMA Oncol ",,,,"26822237",""
364,"Contribution of germline mutations in cancer predisposition genes to tumor etiology in young women diagnosed with invasive breast cancer","net.sourceforge.jtds.jdbc.ClobImpl@4b143bf0",2017,"Breast Cancer Res Treat ",164,593,601,"28503720",""
365,"Baseline results from the UK SIGNIFY study: a whole-body MRI screening study in TP53 mutation carriers and matched controls","net.sourceforge.jtds.jdbc.ClobImpl@54db82c2",2017,"Fam Cancer",16,433,440,"28091804",""
366,"Using a family history questionnaire to identify adult patients with increased genetic risk for sarcoma","net.sourceforge.jtds.jdbc.ClobImpl@4c650e83",2015,"Curr Oncol ",22,317,325,"26628864",""
367,"Somatic and Germline TP53 Alterations in Second Malignant Neoplasms from Pediatric Cancer Survivors","net.sourceforge.jtds.jdbc.ClobImpl@2abbf21f",2017,"Clin Cancer Res ",23,1852,1861,"27683180",""
368,"Deleterious Germline Mutations in Patients With Apparently Sporadic Pancreatic Adenocarcinoma","net.sourceforge.jtds.jdbc.ClobImpl@409a9703",2017,"J Clin Oncol ",35,3382,3390,"28767289",""
369,"Pleomorphic myxoid liposarcoma in an adolescent with Li-Fraumeni syndrome","net.sourceforge.jtds.jdbc.ClobImpl@48dfc040",2017,"Pediatr Surg Int ",33,631,635,"28160093",""
370,"Genetic Gastric Cancer Susceptibility in the International Clinical Cancer Genomics Community Research Network","net.sourceforge.jtds.jdbc.ClobImpl@2c2adece",2017,"Cancer Genet ",,111,119,"29025585",""
371,"The frequency of cancer predisposition gene mutations in hereditary breast and ovarian cancer patients in Taiwan: From BRCA1/2 to multi-gene panels","net.sourceforge.jtds.jdbc.ClobImpl@5974fa5e",2017,"PLoS One ",12,,,"28961279",""
372,"Germline Mutations in Cancer Susceptibility Genes in a Large Series of Unselected Breast Cancer Patients","net.sourceforge.jtds.jdbc.ClobImpl@4dc25cfc",2017,"Clin Cancer Res ",23,6113,6119,"28724667","Individual level data (no pedigree info)"
373,"Inherited mutations in 17 breast cancer susceptibility genes among a large triple-negative breast cancer cohort unselected for family history of breast cancer","net.sourceforge.jtds.jdbc.ClobImpl@7b2958c4",2015,"J Clin Oncol ",33,304,311,"25452441","updated with PMID:30099541 (REF_ID 435)"
374,"Constitutional mosaicism of a de novo TP53 mutation in a patient with bilateral choroid plexus carcinoma","net.sourceforge.jtds.jdbc.ClobImpl@18f35c1",2017,"Cancer Genet ",,79,85,"29025599",""
375,"Biochemical and imaging surveillance in germline TP53 mutation carriers with Li-Fraumeni syndrome: 11 year follow-up of a prospective observational study","net.sourceforge.jtds.jdbc.ClobImpl@7fd789a4",2016,"Lancet Oncol ",17,1295,1305,"27501770",""
376,"Spectrum and prevalence of genetic predisposition in medulloblastoma: a retrospective genetic study and prospective validation in a clinical trial cohort","net.sourceforge.jtds.jdbc.ClobImpl@202d1f1e",2018,"Lancet Oncol ",,,,"29753700",""
377,"Inherited breast cancer predisposition in Asians: multigene panel testing outcomes from Singapore","net.sourceforge.jtds.jdbc.ClobImpl@11739ca7",2016,"NPJ Genom Med ",1,15003,,"29263802",""
378,"[A rhabdomyosarcoma patient from a Li-Fraumeni syndrome family: a case report and literature review]","net.sourceforge.jtds.jdbc.ClobImpl@69aa8275",2017,"Zhongguo Dang Dai Er Ke Za Zhi ",19,1263,1266,"29237527",""
379,"Prevalence and spectrum of germline rare variants in BRCA1/2 and PALB2 among breast cancer cases in Sarawak, Malaysia","net.sourceforge.jtds.jdbc.ClobImpl@2af3ac4d",2017,"Breast Cancer Res Treat ",165,687,697,"28664506",""
380,"The Features of Colorectal Tumors in a Patient with Li-Fraumeni Syndrome","net.sourceforge.jtds.jdbc.ClobImpl@62ee93e2",2017,"Intern Med ",56,295,300,"28154273",""
381,"Acute myeloid leukemia with TP53 germ line mutations","net.sourceforge.jtds.jdbc.ClobImpl@6ff5bdbc",2016,"Blood",128,2270,2272,"27621308",""
382,"Recurrent TP53 missense mutation in cancer patients of Arab descent","net.sourceforge.jtds.jdbc.ClobImpl@52f1231d",2017,"Fam Cancer",16,295,301,"27866339",""
383,"Germline Mutations in Predisposition Genes in Pediatric Cancer","net.sourceforge.jtds.jdbc.ClobImpl@65d76cca",2015,"N Engl J Med ",373,2336,2346,"26580448","Cases potentially reported previously were not included"
384,"Surveillance Screening in Li-Fraumeni Syndrome: Raising Awareness of False Positives","net.sourceforge.jtds.jdbc.ClobImpl@73309211",2018,"Cureus",10,,,"29946497",""
385,"From uncertainty to pathogenicity: Clinical and functional interrogation of a rare TP53 in-frame deletion","net.sourceforge.jtds.jdbc.ClobImpl@31eac996",2019,"Cold Spring Harb Mol Case Stud ",,,,"30886117",""
386,"Germline TP53 mutation spectrum in Sudanese premenopausal breast cancer patients: correlations with reproductive factors","net.sourceforge.jtds.jdbc.ClobImpl@6a58ed7d",2019,"Breast Cancer Res Treat ",,,,"30796655",""
387,"Rare TP53 variant associated with Li-Fraumeni syndrome exhibits variable penetrance in a Saudi family","net.sourceforge.jtds.jdbc.ClobImpl@34376dc0",2018,"NPJ Genom Med ",3,35,,"30588330",""
388,"TP53 germline mutation testing in early-onset breast cancer: findings from a nationwide cohort","net.sourceforge.jtds.jdbc.ClobImpl@43e0c14d",2019,"Fam Cancer",18,273,280,"30607672",""
389,"Frequent activating STAT3 mutations and novel recurrent genomic abnormalities detected in breast implant-associated anaplastic large cell lymphoma","net.sourceforge.jtds.jdbc.ClobImpl@242106de",2018,"Oncotarget ",9,,,"30546832",""
390,"Report of a bi-allelic truncating germline mutation in TP53","net.sourceforge.jtds.jdbc.ClobImpl@9bf2422",2019,"Fam Cancer",18,101,104,"29737433",""
391,"Probable hereditary familial overlap syndrome with multiple synchronous lung tumors","net.sourceforge.jtds.jdbc.ClobImpl@6e911b8",2018,"Lung Cancer",124,279,282,"30268473",""
392,"Germline pathogenic variants identified in women with ovarian tumors","net.sourceforge.jtds.jdbc.ClobImpl@43c65281",2018,"Gynecol Oncol ",151,481,488,"30322717",""
393,"New insights into the performance of multigene panel testing: Two novel nonsense variants in BRIP1 and TP53 in a young woman with breast cancer","net.sourceforge.jtds.jdbc.ClobImpl@6f7dabd1",2018,"Cancer Genet ",,1,4,"30553462",""
394,"Clinical genetic testing outcome with multi-gene panel in Asian patients with multiple primary cancers","net.sourceforge.jtds.jdbc.ClobImpl@1f130c28",2018,"Oncotarget ",9,30649,30660,"30093976",""
395,"Clinical relevance of screening checklists for detecting cancer predisposition syndromes in Asian childhood tumours","net.sourceforge.jtds.jdbc.ClobImpl@5139aaa3",2018,"NPJ Genom Med ",3,30,,"30455982",""
396,"Mutation screening of TP53, CHEK2 and BRCA genes in patients at high risk for hereditary breast and ovarian cancer (HBOC) in Brazil","net.sourceforge.jtds.jdbc.ClobImpl@209ab85f",2018,"Breast Cancer",,,,"30535581",""
397,"High Yield of Pathogenic Germline Mutations Causative or Likely Causative of the Cancer Phenotype in Selected Children with Cancer","net.sourceforge.jtds.jdbc.ClobImpl@223bbcbe",2018,"Clin Cancer Res ",24,1594,1603,"29351919",""
398,"Germline mutations in young non-smoking women with lung adenocarcinoma","net.sourceforge.jtds.jdbc.ClobImpl@254e969d",2018,"Lung Cancer",122,76,82,"30032850",""
399,"Prognostic tumor sequencing panels frequently identify germ line variants associated with hereditary hematopoietic malignancies","net.sourceforge.jtds.jdbc.ClobImpl@393e5c25",2018,"Blood Adv ",2,146,150,"29365323",""
400,"Clinical spectrum of Li-Fraumeni syndrome/Li-Fraumeni-like syndrome in Brazilian individuals with the TP53 p.R337H mutation1","net.sourceforge.jtds.jdbc.ClobImpl@4c93531d",2019,"J Steroid Biochem Mol Biol ",190,250,255,"30974190",""
401,"Men seeking counselling in a Breast Cancer Risk Evaluation Clinic","net.sourceforge.jtds.jdbc.ClobImpl@3332c87d",2018,"Ecancermedicalscience ",12,804,,"29456621",""
403,"Prevalence of germline mutations in the TP53 gene in patients with early-onset breast cancer in the Mexican population","net.sourceforge.jtds.jdbc.ClobImpl@62194af8",2019,"BMC Cancer",19,118,,"30709381",""
406,"Germline mutation in the TP53 gene in uveal melanoma","net.sourceforge.jtds.jdbc.ClobImpl@298dfdea",2018,"Sci Rep ",8,7618,,"29769598",""
407,"Identification and characterization of TP53 gene Allele Dropout in Li-Fraumeni syndrome and Oral cancer cohorts","net.sourceforge.jtds.jdbc.ClobImpl@7f50587d",2018,"Sci Rep ",8,11705,,"30076369","Direct submission of data by Rajiv Sarin on 10 July 2019"
408,"Diagnostic yield and clinical utility of a comprehensive gene panel for hereditary tumor syndromes","net.sourceforge.jtds.jdbc.ClobImpl@5a8406ca",2019,"Hered Cancer Clin Pract ",17,5,,"30680046",""
410,"Association Between Inherited Germline Mutations in Cancer Predisposition Genes and Risk of Pancreatic Cancer","net.sourceforge.jtds.jdbc.ClobImpl@72e2d9e8",2018,"JAMA",319,2401,2409,"29922827",""
411,"Gene aberration profile of tumors of adolescent and young adult females","net.sourceforge.jtds.jdbc.ClobImpl@344608f3",2018,"Oncotarget ",9,6228,6237,"29464067",""
413,"Germ line TP53 mutation in a patient with multiple Bowen's disease","net.sourceforge.jtds.jdbc.ClobImpl@49282db6",2018,"J Dermatol ",,,,"30592087",""
414,"Gray Zone Lymphoma Arising in the Neck of a Teenager With a Germline Mutation in TP53","net.sourceforge.jtds.jdbc.ClobImpl@3360d00f",2018,"J Pediatr Hematol Oncol ",,,,"30299350",""
415,"Deleterious Germline Mutations Are a Risk Factor for Neoplastic Progression Among High-Risk Individuals Undergoing Pancreatic Surveillance","net.sourceforge.jtds.jdbc.ClobImpl@57a96212",2019,"J Clin Oncol ",,,,"30883245",""
416,"Li-Fraumeni syndrome presenting as cutaneous melanoma in a child: case report and review of literature","net.sourceforge.jtds.jdbc.ClobImpl@53ace984",2019,"J Eur Acad Dermatol Venereol ",33,,,"30653764",""
417,"A novel p.Gly187Arg TP53 variant appears to result in Li-Fraumeni syndrome","net.sourceforge.jtds.jdbc.ClobImpl@5b612bda",2018,"Pediatr Hematol Oncol ",35,203,207,"30239254",""
418,"Combined steroidogenic characters of fetal adrenal and Leydig cells in childhood adrenocortical carcinoma","net.sourceforge.jtds.jdbc.ClobImpl@6eb46811",2016,"J Steroid Biochem Mol Biol ",159,86,93,"26940356",""
419,"Germline mutations in 40 cancer susceptibility genes among Chinese patients with high hereditary risk breast cancer","net.sourceforge.jtds.jdbc.ClobImpl@72912e27",2019,"Int J Cancer",144,281,289,"29752822",""
420,"The first two confirmed sub-Saharan African families with germline TP53 mutations causing Li-Fraumeni syndrome","net.sourceforge.jtds.jdbc.ClobImpl@46c51938",2018,"Fam Cancer",17,607,613,"29392648",""
421,"Novel genetic mutations detected by multigene panel are associated with hereditary colorectal cancer predisposition","net.sourceforge.jtds.jdbc.ClobImpl@14a8d5c1",2018,"PLoS One ",13,,,"30256826",""
422,"Clinicopathologic characterization of breast carcinomas in patients with non-BRCA germline mutations: results from a single institution's high-risk population","net.sourceforge.jtds.jdbc.ClobImpl@5991c3a5",2018,"Hum Pathol ",82,20,31,"29958926",""
423,"A multi-gene panel beyond BRCA1/BRCA2 to identify new breast cancer-predisposing mutations by a picodroplet PCR followed by a next-generation sequencing strategy: a pilot study","net.sourceforge.jtds.jdbc.ClobImpl@220a2ea6",2019,"Anal Chim Acta",1046,154,162,"30482293",""
424,"Discoveries beyond BRCA1/2: Multigene testing in an Asian multi-ethnic cohort suspected of hereditary breast cancer syndrome in the real world","net.sourceforge.jtds.jdbc.ClobImpl@4c68ef06",2019,"PLoS One ",14,,,"30875412",""
425,"Two cancer-predisposing variants in one family: Incidental finding of a fumarate hydrogenase (FH) germline variant in a family with Li-Fraumeni syndrome","net.sourceforge.jtds.jdbc.ClobImpl@1e3c2d97",2018,"Pediatr Blood Cancer",65,,,"29893455",""
426,"Identification and Management of TP53 Gene Carriers Detected Through Multigene Panel Testing","net.sourceforge.jtds.jdbc.ClobImpl@49e7591e",2017,"South Med J ",110,643,648,"28973705",""
427,"Li-Fraumeni syndrome presenting as mucosal melanoma: Case report and treatment considerations","net.sourceforge.jtds.jdbc.ClobImpl@3a6b219a",2017,"Head Neck",39,,,"27726232",""
428,"Variants of cancer susceptibility genes in Korean BRCA1/2 mutation-negative patients with high risk for hereditary breast cancer","net.sourceforge.jtds.jdbc.ClobImpl@31f0e90e",2018,"BMC Cancer",18,83,,"29338689",""
429,"Epidermal Growth Factor Receptor-mutated Lung Cancer as the Initial Manifestation of Germline TP53 Mutation Associated Cancer","net.sourceforge.jtds.jdbc.ClobImpl@4edf3a32",2018,"Cureus ",10,,,"29854570",""
430,"Targeted next generation sequencing identifies functionally deleterious germline mutations in novel genes in early-onset/familial prostate cancer","net.sourceforge.jtds.jdbc.ClobImpl@3d03a55e",2018,"PLoS Genet ",14,,,"29659569",""
433,"Primary Cutaneous Leiomyosarcoma Arising in a Patient With Li-Fraumeni Syndrome. A Neoplasm With Unusual Histopathologic Features and Loss of Heterozygosity at TP53 Gene","net.sourceforge.jtds.jdbc.ClobImpl@5e073495",2017,"Am J Dermatopathol ",,,,"28475508",""
434,"Increasing genomic instability during cancer therapy in a patient with Li-Fraumeni syndrome","net.sourceforge.jtds.jdbc.ClobImpl@68891ec2",2017,"Clin Transl Radiat Oncol ",7,71,78,"29594232",""
436,"Screening of over 1000 Indian patients with breast and/or ovarian cancer with a multi-gene panel: prevalence of BRCA1/2 and non-BRCA mutations","net.sourceforge.jtds.jdbc.ClobImpl@5fb0b74b",2018,"Breast Cancer Res Treat ",170,189,196,"29470806",""
437,"Additional germline findings from a tumor profiling program","net.sourceforge.jtds.jdbc.ClobImpl@7fb9c0b6",2018,"BMC Med Genomics",11,65,,"30092803",""
439,"Clinical characteristics and registry-validated extended pedigrees of germline TP53 mutation carriers in Denmark","net.sourceforge.jtds.jdbc.ClobImpl@187df048",2018,"PLoS One ",13,,,"29324801",""
440,"Association of Li-Fraumeni Syndrome With Small Cell Carcinoma of the Ovary, Hypercalcemic Type and Concurrent Pleomorphic Liposarcoma of the Cervix","net.sourceforge.jtds.jdbc.ClobImpl@3822828b",2017,"Int J Gynecol Pathol ",36,593,599,"28177947",""
441,"A germline variant of TP53 in paediatric diffuse leptomeningeal glioneuronal tumour","net.sourceforge.jtds.jdbc.ClobImpl@62f2602b",2019,"Childs Nerv Syst ",,,,"30937530",""
442,"Composite Adrenocortical Carcinoma and Neuroblastoma in an Infant With a TP53 Germline Mutation: A Case Report and Literature Review","net.sourceforge.jtds.jdbc.ClobImpl@53ffb0b3",2018,"J Pediatr Hematol Oncol ",,,,"29746440",""
443,"Panel Testing for Familial Breast Cancer: Calibrating the Tension Between Research and Clinical Care","net.sourceforge.jtds.jdbc.ClobImpl@24f7f534",2016,"J Clin Oncol ",34,1455,1459,"26786923",""
444,"De Novo Mutations Activating Germline TP53 in an Inherited Bone-Marrow-Failure Syndrome","net.sourceforge.jtds.jdbc.ClobImpl@8ed0dfb",2018,"Am J Hum Genet ",103,440,447,"30146126",""
445,"Diagnosis of Li-Fraumeni Syndrome: Differentiating TP53 germline mutations from clonal hematopoiesis: Results of the observational AGO-TR1 trial","net.sourceforge.jtds.jdbc.ClobImpl@796fd7f5",2018,"Hum Mutat ",39,2040,2046,"30216591",""
446,"Nodular Lymphocyte-predominant Hodgkin Lymphoma in a 15-Year-Old Boy With Li-Fraumeni Syndrome Having a Germline TP53 D49H Mutation","net.sourceforge.jtds.jdbc.ClobImpl@57bb9a43",2018,"J Pediatr Hematol Oncol ",40,,,"28902083",""
447,"Germline cancer susceptibility gene variants, somatic second hits, and survival outcomes in patients with resected pancreatic cancer","net.sourceforge.jtds.jdbc.ClobImpl@4cfe9bd5",2019,"Genet Med ",21,213,223,"29961768",""
448,"Multiple primary tumors in a family with Li-Fraumeni syndrome with a TP53 germline mutation identified by next-generation sequencing","net.sourceforge.jtds.jdbc.ClobImpl@2c9cc564",2016,"Int J Biol Markers",31,,,"27516001",""
449,"Contribution of de novo and mosaic TP53 mutations to Li-Fraumeni syndrome","net.sourceforge.jtds.jdbc.ClobImpl@2bcb7f7d",2017,"J Med Genet ",,,,"29070607","Some cases are reported in RefID-187 or RefID-62"
451,"Frequency of pathogenic germline variants in BRCA1, BRCA2, PALB2, CHEK2 and TP53 in ductal carcinoma in situ diagnosed in women under the age of 50 years","net.sourceforge.jtds.jdbc.ClobImpl@202991c5",2019,"Breast Cancer Res ",21,58,,"31060593",""
453,"Germline breast cancer susceptibility gene mutations and breast cancer outcomes","net.sourceforge.jtds.jdbc.ClobImpl@18b19626",2018,"BMC Cancer",18,315,,"29566657",""

405 rows selected. 

