"Morphology_ID","Morphology","Morpho_code","Code_source","Morphogroup_ID"
1,"Neoplasm, benign","8000/0","ICD-O 3rd",1
2,"Neoplasm, NOS","8000/1","ICD-O 3rd",1
3,"Cancer, NOS","8000/3","ICD-O 3rd",1
4,"Tumor, metastatic","8000/6","ICD-O 3rd",1
5,"Neoplasm, malignant, uncertain whether primary or metastatic","8000/9","ICD-O 3rd",1
6,"Tumor cells, benign","8001/0","ICD-O 3rd",1
7,"Tumor cells, NOS","8001/1","ICD-O 3rd",1
8,"Tumor cells, malignant","8001/3","ICD-O 3rd",1
9,"Malignant tumor, small cell type","8002/3","ICD-O 3rd",1
10,"Malignant tumor, giant cell type","8003/3","ICD-O 3rd",1
11,"Malignant tumor, spindle cell type","8004/3","ICD-O 3rd",1
12,"Clear cell tumor, NOS","8005/0","ICD-O 3rd",1
13,"Malignant tumor, clear cell type","8005/3","ICD-O 3rd",1
14,"Epithelial tumor, benign","8010/0","ICD-O 3rd",2
15,"Carcinoma in situ, NOS","8010/2","ICD-O 3rd",2
16,"Carcinoma, NOS","8010/3","ICD-O 3rd",2
17,"Carcinoma, metastatic, NOS","8010/6","ICD-O 3rd",2
18,"Carcinomatosis","8010/9","ICD-O 3rd",2
19,"Epithelioma, benign","8011/0","ICD-O 3rd",2
20,"Epithelioma, malignant","8011/3","ICD-O 3rd",2
21,"Large cell carcinoma, NOS","8012/3","ICD-O 3rd",2
22,"Large cell neuroendocrine carcinoma","8013/3","ICD-O 3rd",2
23,"Large cell carcinoma with rhabdoid phenotype","8014/3","ICD-O 3rd",2
24,"Glassy cell carcinoma","8015/3","ICD-O 3rd",2
25,"Carcinoma, undifferentiated, NOS","8020/3","ICD-O 3rd",2
26,"Carcinoma, anaplastic, NOS","8021/3","ICD-O 3rd",2
27,"Pleomorphic carcinoma","8022/3","ICD-O 3rd",2
28,"Giant cell and spindle cell carcinoma","8030/3","ICD-O 3rd",2
29,"Giant cell carcinoma","8031/3","ICD-O 3rd",2
30,"Spindle cell carcinoma, NOS","8032/3","ICD-O 3rd",2
31,"Pseudosarcomatous carcinoma","8033/3","ICD-O 3rd",2
32,"Polygonal cell carcinoma","8034/3","ICD-O 3rd",2
33,"Carcinoma with osteoclast-like giant cells","8035/3","ICD-O 3rd",2
34,"Tumorlet, benign","8040/0","ICD-O 3rd",2
35,"Tumorlet, NOS","8040/1","ICD-O 3rd",2
36,"Small cell carcinoma, NOS","8041/3","ICD-O 3rd",2
37,"Oat cell carcinoma (C34._)","8042/3","ICD-O 3rd",2
38,"Small cell carcinoma, fusiform cell","8043/3","ICD-O 3rd",2
39,"Small cell carcinoma, intermediate cell","8044/3","ICD-O 3rd",2
40,"Combined small cell carcinoma","8045/3","ICD-O 3rd",2
41,"Non-small cell carcinoma (C34._)","8046/3","ICD-O 3rd",2
42,"Papilloma, NOS (except Papilloma of bladder M-8120/1)","8050/0","ICD-O 3rd",3
43,"Papillary carcinoma in situ","8050/2","ICD-O 3rd",3
44,"Papillary carcinoma, NOS","8050/3","ICD-O 3rd",3
45,"Verrucous papilloma","8051/0","ICD-O 3rd",3
46,"Verrucous carcinoma, NOS","8051/3","ICD-O 3rd",3
47,"Squamous cell papilloma, NOS","8052/0","ICD-O 3rd",3
48,"Papillary squamous cell carcinoma, non-invasive","8052/2","ICD-O 3rd",3
49,"Papillary squamous cell carcinoma","8052/3","ICD-O 3rd",3
50,"Squamous cell papilloma, inverted","8053/0","ICD-O 3rd",3
51,"Squamous papillomatosis","8060/0","ICD-O 3rd",3
52,"Squamous cell carcinoma in situ, NOS","8070/2","ICD-O 3rd",3
53,"Squamous cell carcinoma, NOS","8070/3","ICD-O 3rd",3
54,"Squamous cell carcinoma, metastatic, NOS","8070/6","ICD-O 3rd",3
55,"Squamous cell carcinoma, keratinizing, NOS ","8071/3","ICD-O 3rd",3
56,"Squamous cell carcinoma, large cell, nonkeratinizing, NOS","8072/3","ICD-O 3rd",3
57,"Squamous cell carcinoma, small cell, nonkeratinizing","8073/3","ICD-O 3rd",3
58,"Squamous cell carcinoma, spindle cell","8074/3","ICD-O 3rd",3
59,"Squamous cell carcinoma, adeno√Ød","8075/3","ICD-O 3rd",3
60,"Squamous cell carcinoma in situ with questionable stromal invasion","8076/2","ICD-O 3rd",3
61,"Squamous cell carcinoma, microinvasive","8076/3","ICD-O 3rd",3
62,"Squamous intraepithelial neoplasia, grade III","8077/2","ICD-O 3rd",3
63,"Squamous cell carcinoma with horn formation","8078/3","ICD-O 3rd",3
64,"Queyrat erythroplasia (C60._)","8080/2","ICD-O 3rd",3
65,"Bowen disease (C44._)","8081/2","ICD-O 3rd",3
66,"Lymphoepithelial carcinoma","8082/3","ICD-O 3rd",3
67,"Basaloid squamous cell carcinoma","8083/3 ","ICD-O 3rd",3
68,"Squamous cell carcinoma, clear cell type","8084/3","ICD-O 3rd",3
69,"Basal cell tumor (C44._)","8090/1","ICD-O 3rd",4
70,"Basal cell carcinoma, NOS (C44._)","8090/3","ICD-O 3rd",4
71,"Multifocal superficial basal cell carcinoma (C44._)","8091/3","ICD-O 3rd",4
72,"Infiltrating basal cell carcinoma, NOS (C44._)","8092/3","ICD-O 3rd",4
73,"Basal cell carcinoma, fibroepithelial (C44._) ","8093/3","ICD-O 3rd",4
74,"Basosquamous carcinoma (C44._)","8094/3","ICD-O 3rd",4
75,"Metatypical carcinoma (C44._) ","8095/3","ICD-O 3rd",4
76,"Intraepidermal epithelioma of Jadassohn (C44._)","8096/0","ICD-O 3rd",4
77,"Basal cell carcinoma, nodular (C44._)","8097/3","ICD-O 3rd",4
78,"Adenoid basal carcinoma (C53._)","8098/3","ICD-O 3rd",4
79,"Trichoepithelioma (C44._)","8100/0","ICD-O 3rd",4
80,"Trichofolliculoma (C44._)","8101/0","ICD-O 3rd",4
81,"Trichilemmoma (C44._)","8102/0","ICD-O 3rd",4
82,"Trichilemmocarcinoma (C44._)","8102/3","ICD-O 3rd",4
83,"Pilar tumor (C44._)","8103/0","ICD-O 3rd",4
84,"Pilomatrixoma, NOS (C44._)","8110/0","ICD-O 3rd",4
85,"Pilomatrix carcinoma (C44._)","8110/3","ICD-O 3rd",4
86,"Transitional cell papilloma, benign","8120/0","ICD-O 3rd",5
87,"Urothelial papilloma, NOS","8120/1","ICD-O 3rd",5
88,"Transitional cell carcinoma in situ ","8120/2","ICD-O 3rd",5
89,"Transitional cell carcinoma, NOS","8120/3","ICD-O 3rd",5
90,"Schneiderian papilloma, NOS (C30.0, C31._)","8121/0","ICD-O 3rd",5
91,"Transitional cell papilloma, inverted, NOS","8121/1","ICD-O 3rd",5
92,"Schneiderian carcinoma (C30.0, C31._)","8121/3","ICD-O 3rd",5
93,"Transitional cell carcinoma, spindle cell","8122/3","ICD-O 3rd",5
94,"Basaloid carcinoma (C21.1)","8123/3","ICD-O 3rd",5
95,"Cloacogenic carcinoma (C21.2)","8124/3","ICD-O 3rd",5
96,"Papillary transitional cell neoplasm of low malignant potential (C67._)","8130/1","ICD-O 3rd",5
97,"Papillary transitional cell carcinoma, non invasive (C67._)","8130/2","ICD-O 3rd",5
98,"Papillary transitional cell carcinoma (C67._)","8130/3","ICD-O 3rd",5
99,"Transitional cell carcinoma, micropapillary (C67._)","8131/3 ","ICD-O 3rd",5
100,"Adenoma, NOS","8140/0","ICD-O 3rd",6
101,"Atypical adenoma","8140/1","ICD-O 3rd",6
102,"Adenocarcinoma in situ, NOS","8140/2","ICD-O 3rd",6
103,"Adenocarcinoma, NOS","8140/3","ICD-O 3rd",6
104,"Adenocarcinoma, metastatic, NOS","8140/6","ICD-O 3rd",6
105,"Scirrhous adenocarcinoma","8141/3","ICD-O 3rd",6
106,"Linitis plastica (C16._)","8142/3","ICD-O 3rd",6
107,"Superficial spreading adenocarcinoma","8143/3","ICD-O 3rd",6
108,"Adenocarcinoma, intestinal type (C16._)  ","8144/3","ICD-O 3rd",6
109,"Adenocarcinoma, diffuse type (C16._)","8145/3","ICD-O 3rd",6
110,"Monomorphic adenoma","8146/0","ICD-O 3rd",6
111,"Basal cell adenoma","8147/0","ICD-O 3rd",6
112,"Basal cell adenocarcinoma","8147/3","ICD-O 3rd",6
113,"Glandular intraepithelial neoplasia, grade III","8148/2","ICD-O 3rd",6
114,"Canalicular adenoma","8149/0","ICD-O 3rd",6
115,"Islet cell adenoma (C25._)","8150/0","ICD-O 3rd",6
116,"Islet cell tumor, NOS (C25._)","8150/1","ICD-O 3rd",6
117,"Islet cell carcinoma (C25._)","8150/3","ICD-O 3rd",6
118,"Insulinoma, NOS (C25._)","8151/0","ICD-O 3rd",6
119,"Insulinoma, malignant (C25._)","8151/3","ICD-O 3rd",6
120,"Glucagonoma, NOS (C25._)","8152/1","ICD-O 3rd",6
121,"Glucagonoma, malignant (C25._)","8152/3","ICD-O 3rd",6
122,"Gastrinoma, NOS","8153/1","ICD-O 3rd",6
123,"Gastrinoma, malignant","8153/3","ICD-O 3rd",6
124,"Mixed islet cell and exocrine adenocarcinoma (C25._)","8154/3","ICD-O 3rd",6
125,"Vipoma, NOS","8155/1","ICD-O 3rd",6
126,"Vipoma, malignant","8155/3","ICD-O 3rd",6
127,"Somatostatinoma, NOS","8156/1","ICD-O 3rd",6
128,"Somatostatinoma, malignant","8156/3","ICD-O 3rd",6
129,"Enteroglucagonoma, NOS","8157/1 ","ICD-O 3rd",6
130,"Enteroglucagonoma, malignant","8157/3","ICD-O 3rd",6
131,"Bile duct adenoma (C22.1, C24.0)","8160/0","ICD-O 3rd",6
132,"Cholangiocarcinoma (C22.1, C24.0)","8160/3","ICD-O 3rd",6
133,"Bile duct cystadenoma (C22.1, C24.0)","8161/0","ICD-O 3rd",6
134,"Bile duct cystadenocarcinoma (C22.1, C24.0)","8161/3","ICD-O 3rd",6
135,"Klatskin tumor (C22.1, C24.0)","8162/3","ICD-O 3rd",6
136,"Hepatocellular adenoma (C22.0)","8170/0","ICD-O 3rd",6
137,"Hepatocellular carcinoma, NOS (C22.0)","8170/3","ICD-O 3rd",6
138,"Hepatocellular carcinoma, fibrolamellar (C22.0) ","8171/3","ICD-O 3rd",6
139,"Hepatocellular carcinoma, scirrhous (C22.0) ","8172/3","ICD-O 3rd",6
140,"Hepatocellular carcinoma, spindle cell variant (C22.0) ","8173/3","ICD-O 3rd",6
141,"Hepatocellular carcinoma, clear cell type (C22.0) ","8174/3","ICD-O 3rd",6
142,"Hepatocellular carcinoma, pleomorphic type (C22.0) ","8175/3","ICD-O 3rd",6
143,"Combined hepatocellular carcinoma and cholangiocarcinoma (C22.0)","8180/3","ICD-O 3rd",6
144,"Trabecular adenoma","8190/0","ICD-O 3rd",6
145,"Trabecular adenocarcinoma","8190/3","ICD-O 3rd",6
146,"Embryonal adenoma","8191/0","ICD-O 3rd",6
147,"Eccrine dermal cylindroma (C44._)","8200/0","ICD-O 3rd",6
148,"Adenoid cystic carcinoma","8200/3","ICD-O 3rd",6
149,"Cribriform carcinoma in situ (C50._)","8201/2","ICD-O 3rd",6
150,"Cribriform carcinoma, NOS","8201/3","ICD-O 3rd",6
151,"Microcystic adenoma (C25._)","8202/0","ICD-O 3rd",6
152,"Lactating adenoma (C50._)","8204/0","ICD-O 3rd",6
153,"Adenomatous polyp, NOS","8210/0","ICD-O 3rd",6
154,"Adenocarcinoma in situ in adenomatous polyp","8210/2","ICD-O 3rd",6
155,"Adenocarcinoma in adenomatous polyp","8210/3","ICD-O 3rd",6
156,"Tubular adenoma, NOS","8211/0","ICD-O 3rd",6
157,"Tubular adenocarcinoma","8211/3","ICD-O 3rd",6
158,"Flat adenoma","8212/0","ICD-O 3rd",6
159,"Serrated adenoma (C18._)","8213/0","ICD-O 3rd",6
160,"Parietal cell carcinoma (C16._)","8214/3","ICD-O 3rd",6
161,"Adenocarcinoma of anal glands (C21.1)","8215/3","ICD-O 3rd",6
162,"Adenomatous polyposis coli (C18._)  ","8220/0","ICD-O 3rd",6
163,"Adenocarcinoma in adenomatous polyposis coli (C18._)","8220/3","ICD-O 3rd",6
164,"Multiple adenomatous polyps","8221/0","ICD-O 3rd",6
165,"Adenocarcinoma in multiple adenomatous polyps","8221/3","ICD-O 3rd",6
166,"Ductal carcinoma in situ, solid type (C50._)","8230/2","ICD-O 3rd",6
167,"Solid carcinoma, NOS","8230/3","ICD-O 3rd",6
168,"Carcinoma simplex","8231/3","ICD-O 3rd",6
169,"Carcinoid tumor of uncertain malignant potential","8240/1","ICD-O 3rd",6
170,"Carcinoid tumor, NOS (except of Appendix M-8240/1)","8240/3","ICD-O 3rd",6
171,"Carcinoid tumor, argentaffin, malignant","8241/3","ICD-O 3rd",6
172,"Enterochromaffin-like cell carcinoid, NOS","8242/1","ICD-O 3rd",6
173,"Goblet cell carcinoid","8243/3","ICD-O 3rd",6
174,"Composite carcinoid","8244/3","ICD-O 3rd",6
175,"Tubular carcinoid","8245/1","ICD-O 3rd",6
176,"Adenocarcinoid tumor","8245/3","ICD-O 3rd",6
177,"Neuroendocrine carcinoma, NOS","8246/3","ICD-O 3rd",6
178,"Merkel cell carcinoma (C44._)","8247/3","ICD-O 3rd",6
179,"Apudoma","8248/1","ICD-O 3rd",6
180,"Atypical carcinoid tumor","8249/3","ICD-O 3rd",6
181,"Pulmonary adenomatosis (C34._)","8250/1","ICD-O 3rd",6
182,"Bronchiolo-alveolar adenocarcinoma (C34._)","8250/3","ICD-O 3rd",6
183,"Alveolar adenoma (C34._)","8251/0","ICD-O 3rd",6
184,"Alveolar adenocarcinoma (C34._)","8251/3","ICD-O 3rd",6
185,"Bronchiolo-alveolar carcinoma, non mucinous (C34._)","8252/3","ICD-O 3rd",6
186,"Bronchiolo-alveolar carcinoma, mucinous (C34._)","8253/3","ICD-O 3rd",6
187,"Bronchiolo-alveolar carcinoma, mixed mucinous and non-mucinous(C34._)","8254/3","ICD-O 3rd",6
188,"Adenocarcinoma with mixed subtypes","8255/3","ICD-O 3rd",6
189,"Papillary adenoma, NOS","8260/0","ICD-O 3rd",6
190,"Papillary adenocarcinoma, NOS","8260/3","ICD-O 3rd",6
191,"Villous adenoma, NOS","8261/0","ICD-O 3rd",6
192,"Adenocarcinoma in situ in villous adenoma","8261/2","ICD-O 3rd",6
193,"Adenocarcinoma in villous adenoma","8261/3","ICD-O 3rd",6
194,"Villous adenocarcinoma","8262/3","ICD-O 3rd",6
195,"Tubulovillous adenoma, NOS","8263/0","ICD-O 3rd",6
196,"Adenocarcinoma in situ in tubulovillous adenoma","8263/2","ICD-O 3rd",6
197,"Adenocarcinoma in tubulovillous adenoma","8263/3","ICD-O 3rd",6
198,"Papillomatosis, glandular","8264/0","ICD-O 3rd",6
199,"Chromophobe adenoma (C75.1)","8270/0","ICD-O 3rd",6
200,"Chromophobe carcinoma (C75.1)","8270/3","ICD-O 3rd",6
201,"Prolactinoma (C75.1)","8271/0","ICD-O 3rd",6
202,"Pituitary adenoma, NOS (C75.1)","8272/0","ICD-O 3rd",6
203,"Pituitary carcinoma, NOS (C75.1)","8272/3","ICD-O 3rd",6
204,"Acidophil adenoma (C75.1)","8280/0","ICD-O 3rd",6
205,"Acidophil carcinoma (C75.1)","8280/3","ICD-O 3rd",6
206,"Mixed acidophil-basophil adenoma (C75.1) ","8281/0","ICD-O 3rd",6
207,"Mixed acidophil-basophil carcinoma (C75.1)","8281/3","ICD-O 3rd",6
208,"Oxyphilic adenoma","8290/0","ICD-O 3rd",6
209,"Oxyphilic adenocarcinoma","8290/3","ICD-O 3rd",6
210,"Basophil adenoma (C75.1)","8300/0","ICD-O 3rd",6
211,"Basophil carcinoma (C75.1)","8300/3","ICD-O 3rd",6
212,"Clear cell adenoma","8310/0","ICD-O 3rd",6
213,"Clear cell adenocarcinoma, NOS","8310/3","ICD-O 3rd",6
214,"Hypernephroid tumor","8311/1","ICD-O 3rd",6
215,"Renal cell carcinoma, NOS (C64.9)","8312/3","ICD-O 3rd",6
216,"Clear cell adenofibroma","8313/0","ICD-O 3rd",6
217,"Clear cell adenofibroma of borderline malignancy (C56.9)","8313/1","ICD-O 3rd",6
218,"Clear cell adenocarcinofibroma (C56.9)","8313/3","ICD-O 3rd",6
219,"Lipid-rich carcinoma (C50._)","8314/3","ICD-O 3rd",6
220,"Glycogen-rich carcinoma (C50._)","8315/3","ICD-O 3rd",6
221,"Cyst-associated renal cell carcinoma (C64.9)","8316/3","ICD-O 3rd",6
222,"Renal cell carcinoma, chromophobe type (C64.9)","8317/3","ICD-O 3rd",6
223,"Renal cell carcinoma, sarcomatoid (C64.9)","8318/3","ICD-O 3rd",6
224,"Collecting duct carcinoma (C64.9)","8319/3","ICD-O 3rd",6
225,"Granular cell carcinoma","8320/3","ICD-O 3rd",6
226,"Chief cell adenoma (C75.0)","8321/0","ICD-O 3rd",6
227,"Water-clear cell adenoma (C75.0)","8322/0","ICD-O 3rd",6
228,"Water-clear cell adenocarcinoma (C75.0)","8322/3","ICD-O 3rd",6
229,"Mixed cell adenoma","8323/0","ICD-O 3rd",6
230,"Mixed cell adenocarcinoma","8323/3","ICD-O 3rd",6
231,"Lipoadenoma","8324/0","ICD-O 3rd",6
232,"Metanephric adenoma (C64.9)","8325/0","ICD-O 3rd",6
233,"Follicular adenoma (C73.9)","8330/0","ICD-O 3rd",6
234,"Atypical follicular adenoma (C73.9)","8330/1","ICD-O 3rd",6
235,"Follicular adenocarcinoma, NOS (C73.9)","8330/3","ICD-O 3rd",6
236,"Follicular adenocarcinoma, well differentiated (C73.9)","8331/3","ICD-O 3rd",6
237,"Follicular adenocarcinoma, trabecular (C73.9)","8332/3","ICD-O 3rd",6
238,"Microfollicular adenoma, NOS (C73.9)","8333/0","ICD-O 3rd",6
239,"Fetal adenocarcinoma","8333/3","ICD-O 3rd",6
240,"Macrofollicular adenoma (C73.9)","8334/0","ICD-O 3rd",6
241,"Follicular carcinoma, minimally invasisve (C73.9)","8335/3","ICD-O 3rd",6
242,"Hyalinizing trabecular adenoma (C73.9)","8336/0","ICD-O 3rd",6
243,"Insular carcinoma (C73.9)","8337/3","ICD-O 3rd",6
244,"Papillary carcinoma, follicular variant (C73.9)","8340/3","ICD-O 3rd",6
245,"Papillary microcarcinoma (C73.9)","8341/3","ICD-O 3rd",6
246,"Papillary carcinoma, oxyphilic cell (C73.9)","8342/3","ICD-O 3rd",6
247,"Papillary carcinoma, encapsulated (C73.9)","8343/3","ICD-O 3rd",6
248,"Papillary carcinoma, columnar cell (C73.9)","8344/3","ICD-O 3rd",6
249,"Medullary carcinoma with amyloid stroma (C73.9)","8345/3","ICD-O 3rd",6
250,"Mixed medullary-follicular carcinoma (C 73.9)","8346/3","ICD-O 3rd",6
251,"Mixed medullary-paillary carcinoma (C73.9)","8347/3","ICD-O 3rd",6
252,"Nonencapsulated sclerosing carcinoma (C73.9)","8350/3","ICD-O 3rd",6
253,"Multiple endocrine adenomas","8360/1","ICD-O 3rd",6
254,"Juxtaglomerular tumor (C64.9)","8361/0","ICD-O 3rd",6
255,"Adrenal cortical adenoma, NOS (C74.0)","8370/0","ICD-O 3rd",6
256,"Adrenal cortical carcinoma (C74.0)","8370/3","ICD-O 3rd",6
257,"Adrenal cortical adenoma, compact cell (C74.0)","8371/0","ICD-O 3rd",6
258,"Adrenal cortical adenoma, pigmented (C74.0)","8372/0","ICD-O 3rd",6
259,"Adrenal cortical adenoma, clear cell (C74.0)","8373/0","ICD-O 3rd",6
260,"Adrenal cortical adenoma, glomerulosa cell (C74.0)","8374/0","ICD-O 3rd",6
261,"Adrenal cortical adenoma, mixed cell (C74.0)","8375/0","ICD-O 3rd",6
262,"Endometrioid adenoma, NOS (C56.9)","8380/0","ICD-O 3rd",6
263,"Endometrioid adenoma, borderline malignancy","8380/1","ICD-O 3rd",6
264,"Endometrioid adenocarcinoma, NOS","8380/3","ICD-O 3rd",6
265,"Endometrioid adenofibroma, NOS","8381/0","ICD-O 3rd",6
266,"Endometrioid adenofibroma, borderline malignancy","8381/1","ICD-O 3rd",6
267,"Endometrioid adenofibroma, malignant","8381/3","ICD-O 3rd",6
268,"Endometrioid adenocarcinoma, secretory variant","8382/3","ICD-O 3rd",6
269,"Endometrioid adenocarcinoma, ciliated cell variant","8383/3","ICD-O 3rd",6
270,"Adenocarcinoma, endocervical type","8384/3","ICD-O 3rd",6
271,"Skin appendage adenoma (C44._)","8390/0","ICD-O 3rd",7
272,"Skin appendage carcinoma (C44._)","8390/3","ICD-O 3rd",7
273,"Follicular fibroma (C44._)","8391/0","ICD-O 3rd",7
274,"Syringofibroadenoma (C44._)","8392/0","ICD-O 3rd",7
275,"Sweat gland adenoma (C44._)","8400/0","ICD-O 3rd",7
276,"Sweat gland tumor, NOS (C44._)","8400/1","ICD-O 3rd",7
277,"Sweat gland adenocarcinoma (C44._)","8400/3","ICD-O 3rd",7
278,"Apocrine adenoma","8401/0","ICD-O 3rd",7
279,"Apocrine adenocarcinoma","8401/3","ICD-O 3rd",7
280,"Nodular hidradenoma (C44._)","8402/0","ICD-O 3rd",7
281,"Nodular hidradenoma, malignant (C44._)","8402/3","ICD-O 3rd",7
282,"Eccrine spiradenoma (C44._)","8403/0","ICD-O 3rd",7
283,"Malignant eccrine spiradenoma (C44._)","8403/3","ICD-O 3rd",7
284,"Hidrocystoma (C44._)","8404/0","ICD-O 3rd",7
285,"Papillary hidradenoma (C44._)","8405/0","ICD-O 3rd",7
286,"Papillary syringadenoma (C44._)","8406/0","ICD-O 3rd",7
287,"Syringoma, NOS (C44._)","8407/0","ICD-O 3rd",7
288,"Sclerosing sweat duct carcinoma (C44._)","8407/3","ICD-O 3rd",7
289,"Eccrine papillary adenoma (C44._) ","8408/0","ICD-O 3rd",7
290,"Aggressive digital papillary adenoma (C44._)","8408/1","ICD-O 3rd",7
291,"Eccrine papillary adenocarcinoma (C44._)","8408/3","ICD-O 3rd",7
292,"Eccrine poroma (C44._)","8409/0","ICD-O 3rd",7
293,"Eccrine poroma, malignant","8409/3","ICD-O 3rd",7
294,"Sebaceous adenoma (C44._)","8410/0","ICD-O 3rd",7
295,"Sebaceous adenocarcinoma (C44._)","8410/3","ICD-O 3rd",7
296,"Eccrine adenocarcinoma (C44._)","8413/3","ICD-O 3rd",7
297,"Ceruminous adenoma (C44.2)","8420/0","ICD-O 3rd",7
298,"Ceruminous adenocarcinoma (C44.2)","8420/3","ICD-O 3rd",7
299,"Mucoepidermoid tumor","8430/1","ICD-O 3rd",8
300,"Mucoepidermoid carcinoma","8430/3","ICD-O 3rd",8
301,"Cystadenoma, NOS","8440/0","ICD-O 3rd",9
302,"Cystadenocarcinoma, NOS","8440/3","ICD-O 3rd",9
303,"Serous cystadenoma, NOS (C56.9)","8441/0","ICD-O 3rd",9
304,"Serous cystadenocarcinoma, NOS (C56.9) ","8441/3","ICD-O 3rd",9
305,"Serous cystadenoma, borderline malignancy (C56.9)","8442/1","ICD-O 3rd",9
306,"Clear cell cystadenoma (C56.9)","8443/0","ICD-O 3rd",9
307,"Clear cell cystic tumor of borderline malignancy (C56.9)","8444/1","ICD-O 3rd",9
308,"Papillary cystadenoma, NOS (C56.9)","8450/0","ICD-O 3rd",9
309,"Papillary cystadenocarcinoma, NOS (C56.9)","8450/3","ICD-O 3rd",9
310,"Papillary cystadenoma, borderline malignancy (C56.9)","8451/1","ICD-O 3rd",9
311,"Solid pseudopapillary tumor (C25._)","8452/1","ICD-O 3rd",9
312,"Solid pseudopapillary carcinoma (C25._)","8452/3","ICD-O 3rd",9
313,"Intraductal papillary-mucinous adenoma (C25._)","8453/0","ICD-O 3rd",9
314,"Intraductal papillary-mucinous tumor with moderate dysplasia (C25._)","8453/1","ICD-O 3rd",9
315,"Intraductal papillary-mucinous carcinoma, non invasive (C25._)","8453/2","ICD-O 3rd",9
316,"Intraductal papillary-mucinous carcinoma, invasive (C25._)","8453/3","ICD-O 3rd",9
317,"Cystic tumor of atrio-ventricular node (C38._)","8454/0","ICD-O 3rd",9
318,"Papillary serous cystadenoma, NOS (C56.9)","8460/0","ICD-O 3rd",9
319,"Papillary serous cystadenocarcinoma (C56.9)","8460/3","ICD-O 3rd",9
320,"Serous surface papilloma (C56.9)","8461/0","ICD-O 3rd",9
321,"Serous surface papillary carcinoma (C56.9)","8461/3","ICD-O 3rd",9
322,"Serous papillary cystic tumor of borderline malignancy (C56.9)","8462/1","ICD-O 3rd",9
323,"Serous surface papillary tumor of borderline malignancy (C56.9)","8463/1","ICD-O 3rd",9
324,"Mucinous cystadenoma, NOS (C56.9)","8470/0","ICD-O 3rd",9
325,"Mucinous cystic tumor with moderate dysplasia (C25._)","8470/1","ICD-O 3rd",9
326,"Mucinous cystadenocarcinoma, non-invasive (C25._)","8470/2","ICD-O 3rd",9
327,"Mucinous cystadenocarcinoma, NOS (C56.9)","8470/3","ICD-O 3rd",9
328,"Papillary mucinous cystadenoma, NOS (C56.9)","8471/0","ICD-O 3rd",9
329,"Papillary mucinous cystadenocarcinoma (C56.9)","8471/3","ICD-O 3rd",9
330,"Mucinous cystic tumor of borderline malignancy (C56.9)","8472/1","ICD-O 3rd",9
331,"Papillary mucinous cystadenoma, borderline malignancy (C56.9)","8473/1","ICD-O 3rd",9
332,"Mucinous adenoma","8480/0","ICD-O 3rd",9
333,"Mucinous adenocarcinoma","8480/3","ICD-O 3rd",9
334,"Pseudomyxoma peritonei (C48.2)","8480/6","ICD-O 3rd",9
335,"Mucin-producing adenocarcinoma","8481/3","ICD-O 3rd",9
336,"Mucinous adenocarcinoma, endocervical type","8482/3","ICD-O 3rd",9
337,"Signet ring cell carcinoma","8490/3","ICD-O 3rd",9
338,"Metastatic signet ring cell carcinoma","8490/6","ICD-O 3rd",9
339,"Intraductal carcinoma, noninfiltrating, NOS","8500/2","ICD-O 3rd",10
340,"Infiltrating duct carcinoma, NOS (C50._)","8500/3","ICD-O 3rd",10
341,"Comedocarcinoma, noninfiltrating (C50._)","8501/2","ICD-O 3rd",10
342,"Comedocarcinoma, NOS (C50._)","8501/3","ICD-O 3rd",10
343,"Secretory carcinoma of breast (C50._)","8502/3","ICD-O 3rd",10
344,"Intraductal papilloma","8503/0","ICD-O 3rd",10
345,"Noninfiltrating intraductal papillary adenocarcinoma (C50._)","8503/2","ICD-O 3rd",10
346,"Intraductal papillary adenocarcinoma with invasion (C50._)","8503/3","ICD-O 3rd",10
347,"Intracystic papillary adenoma","8504/0","ICD-O 3rd",10
348,"Noninfiltrating intracystic carcinoma","8504/2","ICD-O 3rd",10
349,"Intracystic carcinoma, NOS","8504/3","ICD-O 3rd",10
350,"Intraductal papillomatosis, NOS","8505/0","ICD-O 3rd",10
351,"Adenoma of nipple (C50.0)","8506/0","ICD-O 3rd",10
352,"Intraductal micropapillary carcinoma (C50._)","8507/2","ICD-O 3rd",10
353,"Cystic hypersecretory carcinoma (C50._)","8508/3","ICD-O 3rd",10
354,"Medullary carcinoma, NOS","8510/3","ICD-O 3rd",10
355,"Medullary carcinoma with lymphoid stroma","8512/3","ICD-O 3rd",10
356,"Atypical medullary carcinoma (C50._)","8513/3","ICD-O 3rd",10
357,"Duct carcinoma, desmoplastic type","8514/3","ICD-O 3rd",10
358,"Lobular carcinoma in situ. NOS (C50._)","8520/2","ICD-O 3rd",10
359,"Lobular carcinoma, NOS (C50._)","8520/3","ICD-O 3rd",10
360,"Infiltrating ductular carcinoma (C50._)","8521/3","ICD-O 3rd",10
361,"Intraductal carcinoma and lobular carcinoma in situ (C50._)","8522/2","ICD-O 3rd",10
362,"Infiltrating duct and lobular carcinoma (C50._)","8522/3","ICD-O 3rd",10
363,"Infiltrating duct mixed with other types of carcinoma (C50._)","8523/3","ICD-O 3rd",10
364,"Infiltrating lobular mixed with other types of carcinoma (C50._)","8524/3","ICD-O 3rd",10
365,"Polymorphous low grade adenocarcinoma","8525/3","ICD-O 3rd",10
366,"Inflammatory carcinoma (C50._)","8530/3","ICD-O 3rd",10
367,"Paget's disease, mammary (C50._)","8540/3","ICD-O 3rd",10
368,"Paget's disease and infiltrating duct carcinoma of breast (C50._)","8541/3","ICD-O 3rd",10
369,"Paget's disease, extramammary (except Paget's disease of bone)","8542/3","ICD-O 3rd",10
370,"Paget's disease and intraductal carcinoma of breast (C50._)","8543/3","ICD-O 3rd",10
371,"Acinar cell adenoma","8550/0","ICD-O 3rd",11
372,"Acinar cell tumor","8550/1","ICD-O 3rd",11
373,"Acinar cell carcinoma","8550/3","ICD-O 3rd",11
374,"Acinar cell cystadenocarcinoma","8551/3","ICD-O 3rd",11
375,"Mixed squamous cell and glandular pailloma","8560/0","ICD-O 3rd",12
376,"Adenosquamous carcinoma","8560/3","ICD-O 3rd",12
377,"Adenolymphoma (C07._, C08._)","8561/0","ICD-O 3rd",12
378,"Epithelial-myoepithelial carcinoma  ","8562/3","ICD-O 3rd",12
379,"Adenocarcinoma with squamous metaplasia","8570/3","ICD-O 3rd",12
380,"Adenocarcinoma with cartilaginous and osseous metaplasia","8571/3","ICD-O 3rd",12
381,"Adenocarcinoma with spindle cell metaplasia ","8572/3","ICD-O 3rd",12
382,"Adenocarcinoma with apocrine metaplasia","8573/3","ICD-O 3rd",12
383,"Adenocarcinoma with neuroendocrine differentiation","8574/3","ICD-O 3rd",12
384,"Metaplastic carcinoma, NOS","8575/3","ICD-O 3rd",12
385,"Hepatoid adecarcinoma","8576/3 ","ICD-O 3rd",12
386,"Thymoma, benign (C37.9)","8580/0","ICD-O 3rd",13
387,"Thymoma, NOS (C37.9)","8580/1","ICD-O 3rd",13
388,"Thymoma, malignant (C37.9)","8580/3","ICD-O 3rd",13
389,"Thymoma, type A, NOS (C37.9)","8581/1","ICD-O 3rd",13
390,"Thymoma, type A, malignant (C37.9)","8581/3","ICD-O 3rd",13
391,"Thymoma, type AB, NOS (C37.9)","8582/1","ICD-O 3rd",13
392,"Thymoma, type AB, malignant (C37.9)","8582/3","ICD-O 3rd",13
393,"Thymoma, type B1, NOS (C37.9)","8583/1","ICD-O 3rd",13
394,"Thymoma, type B1, malignant (C37.9)","8583/3","ICD-O 3rd",13
395,"Thymoma, type B2, NOS (C37.9)","8584/1","ICD-O 3rd",13
396,"Thymoma, type B2, malignant (C37.9)","8584/3","ICD-O 3rd",13
397,"Thymoma, type B3, NOS (C37.9)","8585/1","ICD-O 3rd",13
398,"Thymoma, type B3, malignant (C37.9)","8585/3","ICD-O 3rd",13
399,"Thymic carcinoma, NOS (C37.9)","8586/3","ICD-O 3rd",13
400,"Ectopic hamartomatous thymoma","8587/0","ICD-O 3rd",13
401,"Spindle epithlial tumor with thymus-like element","8588/3","ICD-O 3rd",13
402,"Carcinoma showing thymus-like element","8589/3","ICD-O 3rd",13
403,"Sex cord-gonadal stromal tumor, NOS","8590/1","ICD-O 3rd",14
404,"Sex cord-gonadal stromal tumor, incompletely differentiated","8591/1","ICD-O 3rd",14
405,"Sex cord-gonadal stromal tumor, mixed forms","8592/1","ICD-O 3rd",14
406,"Stromal tumor with minor sex cord elements (C56.9)","8593/1","ICD-O 3rd",14
407,"Thecoma, NOS (C56.9)","8600/0","ICD-O 3rd",14
408,"Thecoma, malignant (C56.9)","8600/3","ICD-O 3rd",14
409,"Thecoma, luteinized (C56.9)","8601/0","ICD-O 3rd",14
410,"Sclerosing stromal tumor (C56.9)","8602/0","ICD-O 3rd",14
411,"Luteoma, NOS (C56.9)","8610/0","ICD-O 3rd",14
412,"Granulosa cell tumor, adult type (C56.9)","8620/1","ICD-O 3rd",14
413,"Granulosa cell tumor, malignant (C56.9)","8620/3","ICD-O 3rd",14
414,"Granulosa cell-theca cell tumor (C56.9)","8621/1","ICD-O 3rd",14
415,"Granulosa cell tumor, juvenile (C56.9)","8622/1","ICD-O 3rd",14
416,"Sex cord tumor with annular tubules (C56.9)","8623/1","ICD-O 3rd",14
417,"Androblastoma, benign","8630/0","ICD-O 3rd",14
418,"Androblastoma, NOS","8630/1","ICD-O 3rd",14
419,"Androblastoma, malignant","8630/3","ICD-O 3rd",14
420,"Sertoli-Leydig cell tumor, well differentiated","8631/0","ICD-O 3rd",14
421,"Sertoli-Leydig cell tumor of intermediate differentiation","8631/1","ICD-O 3rd",14
422,"Sertoli-Leydig cell tumor, poorly differentiated","8631/3","ICD-O 3rd",14
423,"Gynandroblastoma (C56.9)","8632/1","ICD-O 3rd",14
424,"Sertoli-Leydig cell tumor, retiform","8633/1","ICD-O 3rd",14
425,"Sertoli-Leydig cell tumor,intermediate differentiation, with heterologous elements","8634/1","ICD-O 3rd",14
426,"Sertoli-Leydig cell tumor, poorly differentiated, with heterologous elements","8634/3","ICD-O 3rd",14
427,"Sertoli cell tumor, NOS","8640/0","ICD-O 3rd",14
428,"Sertoli cell carcinoma (C62._)","8640/3","ICD-O 3rd",14
429,"Sertoli cell tumor with lipid storage (C56.9)","8641/0","ICD-O 3rd",14
430,"Large cell calcifying Sertoli cell tumor","8642/1","ICD-O 3rd",14
431,"Leydig cell tumor, benign (C62._)","8650/0","ICD-O 3rd",14
432,"Leydig cell tumor, NOS (C62._)","8650/1","ICD-O 3rd",14
433,"Leydig cell tumor, malignant (C62._)","8650/3","ICD-O 3rd",14
434,"Hilus cell tumor (C56.9)","8660/0","ICD-O 3rd",14
435,"Lipid cell tumor of ovary (C56.9)","8670/0","ICD-O 3rd",14
436,"Steroid cell tumor, malignant","8670/3","ICD-O 3rd",14
437,"Adrenal rest tumor","8671/0","ICD-O 3rd",14
438,"Paraganglioma, benign","8680/0","ICD-O 3rd",15
439,"Paraganglioma, NOS","8680/1","ICD-O 3rd",15
440,"Paraganglioma, malignant","8680/3","ICD-O 3rd",15
441,"Sympathetic paraganglioma","8681/1","ICD-O 3rd",15
442,"Parasympathetic paraganglioma","8682/1","ICD-O 3rd",15
443,"Gangliocytic paraganglioma (C17.0)","8683/0","ICD-O 3rd",15
444,"Glomus jugulare tumor, NOS (C75.5)","8690/1","ICD-O 3rd",15
445,"Aortic body tumor (C75.5)","8691/1","ICD-O 3rd",15
446,"Carotid body tumor (C75.4)","8692/1","ICD-O 3rd",15
447,"Extra-adrenal paraganglioma, NOS","8693/1","ICD-O 3rd",15
448,"Extra-adrenal paraganglioma, malignant","8693/3","ICD-O 3rd",15
449,"Pheochromocytoma, NOS (C74.1)","8700/0","ICD-O 3rd",15
450,"Pheochromocytoma, malignant (C74.1) ","8700/3","ICD-O 3rd",15
451,"Glomangiosarcoma","8710/3","ICD-O 3rd",15
452,"Glomus tumor, NOS","8711/0","ICD-O 3rd",15
453,"Glomus tumor, malignant","8711/3","ICD-O 3rd",15
454,"Glomangioma","8712/0","ICD-O 3rd",15
455,"Glomangiomyoma","8713/0","ICD-O 3rd",15
456,"Pigmented nevus, NOS (C44._)","8720/0","ICD-O 3rd",16
457,"Melanoma in situ","8720/2","ICD-O 3rd",16
458,"Malignant melanoma, NOS","8720/3","ICD-O 3rd",16
459,"Nodular melanoma (C44._)","8721/3","ICD-O 3rd",16
460,"Balloon cell nevus (C44._)","8722/0","ICD-O 3rd",16
461,"Balloon cell melanoma (C44._)","8722/3","ICD-O 3rd",16
462,"Halo nevus (C44._)","8723/0","ICD-O 3rd",16
463,"Malignant melanoma, regressing (C44._)","8723/3","ICD-O 3rd",16
464,"Neuronevus (C44._)","8725/0","ICD-O 3rd",16
465,"Magnocellular nevus (C69.4)","8726/0","ICD-O 3rd",16
466,"Dysplastic nevus (C44._)","8727/0","ICD-O 3rd",16
467,"Diffuse melanocytosis (C70.9)","8728/0","ICD-O 3rd",16
468,"Meningeal melanocytoma (C70.9)","8728/1","ICD-O 3rd",16
469,"Meningeal melanomatosis (C70.9)","8728/3","ICD-O 3rd",16
470,"Nonpigmented nevus (C44._)","8730/0","ICD-O 3rd",16
471,"Amelanotic melanoma (C44._)","8730/3","ICD-O 3rd",16
472,"Junctional nevus, NOS (C44._)","8740/0","ICD-O 3rd",16
473,"Malignant melanoma in junctional nevus (C44._)","8740/3","ICD-O 3rd",16
474,"Precancerous melanosis, NOS (C44._)","8741/2","ICD-O 3rd",16
475,"Malignant melanoma in precancerous melanosis (C44._)","8741/3","ICD-O 3rd",16
476,"Lentigo maligna (C44._)","8742/2","ICD-O 3rd",16
477,"Lentigo maligna melanoma (C44._)","8742/3","ICD-O 3rd",16
478,"Superficial spreading melanoma (C44._)","8743/3","ICD-O 3rd",16
479,"Acral lentiginous melanoma, malignant (C44._)","8744/3","ICD-O 3rd",16
480,"Desmoplastic melanoma, malignant (C44._)","8745/3","ICD-O 3rd",16
481,"Mucosal lentiginous melanoma","8746/3","ICD-O 3rd",16
482,"Intradermal nevus (C44._)","8750/0","ICD-O 3rd",16
483,"Compound nevus (C44._)","8760/0","ICD-O 3rd",16
484,"Small congenital nevus (C44._)","8761/0","ICD-O 3rd",16
485,"Giant pigmented nevus, NOS (C44._)","8761/1","ICD-O 3rd",16
486,"Malignant melanoma in giant pigmented nevus (C44._)","8761/3","ICD-O 3rd",16
487,"Proliferative dermal lesion in congenital nevus (C44._)","8762/1","ICD-O 3rd",16
488,"Epithelioid and spindle cell nevus (C44._)","8770/0","ICD-O 3rd",16
489,"Mixed epithelioid and spindle cell melanoma","8770/3","ICD-O 3rd",16
490,"Epithelioid cell nevus (C44._)","8771/0","ICD-O 3rd",16
491,"Epithelioid cell melanoma","8771/3","ICD-O 3rd",16
492,"Spindle cell nevus (C44._)","8772/0","ICD-O 3rd",16
493,"Spindle cell melanoma, NOS","8772/3","ICD-O 3rd",16
494,"Spindle cell melanoma, type A (C69._)","8773/3","ICD-O 3rd",16
495,"Spindle cell melanoma, type B (C69._)","8774/3","ICD-O 3rd",16
496,"Blue nevus, NOS (C44._)","8780/0","ICD-O 3rd",16
497,"Blue nevus, malignant (C44._)","8780/3","ICD-O 3rd",16
498,"Cellular blue nevus (C44._)","8790/0","ICD-O 3rd",16
499,"Soft tissue tumor, benign","8800/0","ICD-O 3rd",17
500,"Sarcoma, NOS","8800/3","ICD-O 3rd",17
501,"Sarcomatosis, NOS","8800/9","ICD-O 3rd",17
502,"Spindle cell sarcoma","8801/3","ICD-O 3rd",17
503,"Giant cell sarcoma (except of Bone M-9250/3)","8802/3","ICD-O 3rd",17
504,"Small cell sarcoma","8803/3","ICD-O 3rd",17
505,"Epithelioid sarcoma","8804/3","ICD-O 3rd",17
506,"Undifferentiated sarcoma","8805/3","ICD-O 3rd",17
507,"Desmoplastic small round cell tumor","8806/3","ICD-O 3rd",17
508,"Fibroma, NOS","8810/0","ICD-O 3rd",18
509,"Cellular fibroma (C56.9)","8810/1","ICD-O 3rd",18
510,"Fibrosarcoma, NOS","8810/3","ICD-O 3rd",18
511,"Fibromyxoma","8811/0","ICD-O 3rd",18
512,"Fibromyxosarcoma","8811/3","ICD-O 3rd",18
513,"Periosteal fibroma (C40._, C41._)","8812/0","ICD-O 3rd",18
514,"Periosteal fibrosarcoma (C40._, C41._)","8812/3","ICD-O 3rd",18
515,"Fascial fibroma","8813/0","ICD-O 3rd",18
516,"Fascial fibrosarcoma","8813/3","ICD-O 3rd",18
517,"Infantile fibrosarcoma","8814/3","ICD-O 3rd",18
518,"Solitary fibrous tumor ","8815/0","ICD-O 3rd",18
519,"Solitary fibrous tumor, malignant","8815/3","ICD-O 3rd",18
520,"Elastofibroma","8820/0","ICD-O 3rd",18
521,"Aggressive fibromatosis","8821/1","ICD-O 3rd",18
522,"Abdominal fibromatosis","8822/1","ICD-O 3rd",18
523,"Desmoplastic fibroma","8823/0","ICD-O 3rd",18
524,"Myofriboma","8824/0","ICD-O 3rd",18
525,"Myofibromatosis","8824/1","ICD-O 3rd",18
526,"Myofibroblastoma","8825/0","ICD-O 3rd",18
527,"Myofibroblastic tumor, NOS","8825/1","ICD-O 3rd",18
528,"Angiomyofibroblastoma","8826/0","ICD-O 3rd",18
529,"Myofibroblastic tumor, peribronchial (C34._)","8827/1","ICD-O 3rd",18
530,"Benign fibrous histiocytoma","8830/0","ICD-O 3rd",18
531,"Atypical fibrous histiocytoma","8830/1","ICD-O 3rd",18
532,"Malignant fibrous histiocytoma","8830/3","ICD-O 3rd",18
533,"Histiocytoma, NOS","8831/0","ICD-O 3rd",18
534,"Dermatofibroma, NOS (C44._)","8832/0","ICD-O 3rd",18
535,"Dermatofibrosarcoma, NOS (C44._)","8832/3","ICD-O 3rd",18
536,"Pigmented dermatofibrosarcoma protuberans","8833/3","ICD-O 3rd",18
537,"Giant cell fibroblastoma","8834/1","ICD-O 3rd",18
538,"Plexiform fibrohistiocytic tumor","8835/1","ICD-O 3rd",18
539,"Angiomatoid fibrous histiocytoma","8836/1","ICD-O 3rd",18
540,"Myxoma, NOS","8840/0","ICD-O 3rd",19
541,"Myxosarcoma","8840/3","ICD-O 3rd",19
542,"Angiomyxoma","8841/1","ICD-O 3rd",19
543,"Ossifying fibromyxoid tumor","8842/0","ICD-O 3rd",19
544,"Lipoma, NOS","8850/0","ICD-O 3rd",20
545,"Atypical lipoma","8850/1","ICD-O 3rd",20
546,"Liposarcoma, NOS","8850/3","ICD-O 3rd",20
547,"Fibrolipoma","8851/0","ICD-O 3rd",20
548,"Liposarcoma, well differentiated","8851/3","ICD-O 3rd",20
549,"Fibromyxolipoma","8852/0","ICD-O 3rd",20
550,"Myxoid liposarcoma","8852/3","ICD-O 3rd",20
551,"Round cell liposarcoma","8853/3","ICD-O 3rd",20
552,"Pleomorphic lipoma","8854/0","ICD-O 3rd",20
553,"Pleomorphic liposarcoma","8854/3","ICD-O 3rd",20
554,"Mixed liposarcoma","8855/3","ICD-O 3rd",20
555,"Intramuscular lipoma","8856/0","ICD-O 3rd",20
556,"Spindle cell lipoma","8857/0","ICD-O 3rd",20
557,"Fibroblastic liposarcoma","8857/3","ICD-O 3rd",20
558,"Dedifferentiated liposarcoma","8858/3","ICD-O 3rd",20
559,"Angiomyolipoma","8860/0","ICD-O 3rd",20
560,"Angiolipoma, NOS","8861/0","ICD-O 3rd",20
561,"Chondroid lipoma","8862/0","ICD-O 3rd",20
562,"Myelolipoma","8870/0","ICD-O 3rd",20
563,"Hibernoma","8880/0","ICD-O 3rd",20
564,"Lipoblastomatosis","8881/0","ICD-O 3rd",20
565,"Leiomyoma, NOS","8890/0","ICD-O 3rd",21
566,"Leiomyomatosis, NOS","8890/1","ICD-O 3rd",21
567,"Leiomyosarcoma, NOS","8890/3","ICD-O 3rd",21
568,"Epithelioid leiomyoma","8891/0","ICD-O 3rd",21
569,"Epithelioid leiomyosarcoma","8891/3","ICD-O 3rd",21
570,"Cellular leiomyoma","8892/0","ICD-O 3rd",21
571,"Bizarre leiomyoma","8893/0","ICD-O 3rd",21
572,"Angiomyoma","8894/0","ICD-O 3rd",21
573,"Angiomyosarcoma","8894/3","ICD-O 3rd",21
574,"Myoma","8895/0","ICD-O 3rd",21
575,"Myosarcoma","8895/3","ICD-O 3rd",21
576,"Myxoid leiomyosarcoma","8896/3","ICD-O 3rd",21
577,"Smooth muscle tumor of uncertain malignat potential","8897/1","ICD-O 3rd",21
578,"Metastasizing leiomyoma","8898/1","ICD-O 3rd",21
579,"Rhabdomyoma, NOS","8900/0","ICD-O 3rd",21
580,"Rhabdomyosarcoma, NOS","8900/3","ICD-O 3rd",21
581,"Pleomorphic rhabdomyosarcoma, adult type","8901/3","ICD-O 3rd",21
582,"Mixed type rhabdomyosarcoma","8902/3","ICD-O 3rd",21
583,"Fetal rhabdomyoma","8903/0","ICD-O 3rd",21
584,"Adult rhabdomyoma","8904/0","ICD-O 3rd",21
585,"Genital rhabdomyoma (C51._, C52.9)","8905/0","ICD-O 3rd",21
586,"Embryonal rhabdomyosarcoma, NOS","8910/3","ICD-O 3rd",21
587,"Spindle cell rhabdomyosarcoma","8912/3","ICD-O 3rd",21
588,"Alveolar rhabdomyosarcoma","8920/3","ICD-O 3rd",21
589,"Rhabdomyosarcoma with ganglionic differentiation","8921/3","ICD-O 3rd",21
590,"Endometrial stromal nodule (C54.1) ","8930/0","ICD-O 3rd",22
591,"Endometrial stromal sarcoma (C54.1) ","8930/3","ICD-O 3rd",22
592,"Endometrial stromal sarcoma, low grade (C54.1) ","8931/3","ICD-O 3rd",22
593,"Adenomyoma","8932/0","ICD-O 3rd",22
594,"Adenosarcoma","8933/3","ICD-O 3rd",22
595,"Carcinofibroma","8934/3","ICD-O 3rd",22
596,"Stromal tumor, benign","8935/0","ICD-O 3rd",22
597,"Stromal tumor, NOS","8935/1","ICD-O 3rd",22
598,"Stromal sarcoma, NOS","8935/3","ICD-O 3rd",22
599,"Gastrointestinal stromal tumor, benign","8936/0","ICD-O 3rd",22
600,"Gastrointestinal stromal tumor, NOS","8936/1","ICD-O 3rd",22
601,"Gastrointestinal stromal sarcoma","8936/3","ICD-O 3rd",22
602,"Pleomorphic adenoma","8940/0","ICD-O 3rd",22
603,"Mixed tumor, malignant, NOS","8940/3","ICD-O 3rd",22
604,"Carcinoma in pleomorphic adenoma (C07._, C08._)","8941/3","ICD-O 3rd",22
605,"Mullerian mixed tumor (C54._)","8950/3","ICD-O 3rd",22
606,"Mesodermal mixed tumor","8951/3","ICD-O 3rd",22
607,"Benign cystic nephroma (C64.9)","8959/0","ICD-O 3rd",22
608,"Cystic partially differentiated nephroblastoma","8959/1","ICD-O 3rd",22
609,"Malignant cystic nephroma","8959/3","ICD-O 3rd",22
610,"Mesoblastic nephroma","8960/1","ICD-O 3rd",22
611,"Nephroblastoma, NOS (C64.9)","8960/3","ICD-O 3rd",22
612,"Malignant rhabdoid tumor","8963/3","ICD-O 3rd",22
613,"Clear cell sarcoma of kidney (C64.9)","8964/3","ICD-O 3rd",22
614,"Nephrogenic adenofriboma (C64.9)","8965/0","ICD-O 3rd",22
615,"Renomedullary interstitial cell tumor","8966/0","ICD-O 3rd",22
616,"Ossifying renal tumor (C64.9)","8967/0","ICD-O 3rd",22
617,"Hepatoblastoma (C22.0)","8970/3","ICD-O 3rd",22
618,"Pancreatoblastoma (C25._)","8971/3","ICD-O 3rd",22
619,"Pulmonary blastoma (C34._)","8972/3","ICD-O 3rd",22
620,"Pleuropulmonary blastoma","8973/3","ICD-O 3rd",22
621,"Sialoblastoma","8974/1","ICD-O 3rd",22
622,"Carcinosarcoma, NOS","8980/3","ICD-O 3rd",22
623,"Carcinosarcoma, embryonal","8981/3","ICD-O 3rd",22
624,"Myoepithelioma","8982/0","ICD-O 3rd",22
625,"Malignant myoepithelioma","8982/3","ICD-O 3rd",22
626,"Adenomyoepithelioma (C50._)","8983/0","ICD-O 3rd",22
627,"Mesenchymoma, benign","8990/0","ICD-O 3rd",22
628,"Mesenchymoma, NOS","8990/1","ICD-O 3rd",22
629,"Mesenchymoma, malignant","8990/3","ICD-O 3rd",22
630,"Embryonal sarcoma","8991/3","ICD-O 3rd",22
631,"Brenner tumor, NOS (C56.9)","9000/0","ICD-O 3rd",23
632,"Brenner tumor, borderline malignancy (C56.9)","9000/1","ICD-O 3rd",23
633,"Brenner tumor, malignant (C56.9)","9000/3","ICD-O 3rd",23
634,"Fibroadenoma, NOS (C50._)","9010/0","ICD-O 3rd",23
635,"Intracanalicular fibroadenoma (C50._)","9011/0","ICD-O 3rd",23
636,"Pericanalicular fibroadenoma (C50._) ","9012/0","ICD-O 3rd",23
637,"Adenofibroma, NOS (C56.9)","9013/0","ICD-O 3rd",23
638,"Serous adenofibroma, NOS","9014/0","ICD-O 3rd",23
639,"Serous adenofibroma of borderline malignancy","9014/1","ICD-O 3rd",23
640,"Serous adenocarcinofibroma","9014/3","ICD-O 3rd",23
641,"Mucinous adenofibroma, NOS","9015/0","ICD-O 3rd",23
642,"Mucinous adenofibroma of borderline malignancy","9015/1","ICD-O 3rd",23
643,"Mucinous Adenocarcinofibroma ","9015/3","ICD-O 3rd",23
644,"Giant fibroadenoma (C50._)","9016/0","ICD-O 3rd",23
645,"Phyllodes tumor, benign (C50._)","9020/0","ICD-O 3rd",23
646,"Phyllodes tumor, borderline (C50._)","9020/1","ICD-O 3rd",23
647,"Phyllodes tumor, malignant (C50._)  ","9020/3","ICD-O 3rd",23
648,"Juvenile fibroadenoma (C50._)","9030/0","ICD-O 3rd",23
649,"Synovioma, benign","9040/0","ICD-O 3rd",24
650,"Synovial sarcoma, NOS","9040/3","ICD-O 3rd",24
651,"Synovial sarcoma, spindle cell","9041/3","ICD-O 3rd",24
652,"Synovial sarcoma, epithelioid cell","9042/3","ICD-O 3rd",24
653,"Synovial sarcoma, biphasic","9043/3","ICD-O 3rd",24
654,"Clear cell sarcoma, NOS (except of Kidney M-8964/3)","9044/3","ICD-O 3rd",24
655,"Mesothelioma, benign","9050/0","ICD-O 3rd",25
656,"Mesothelioma, malignant","9050/3","ICD-O 3rd",25
657,"Fibrous mesothelioma, benign","9051/0","ICD-O 3rd",25
658,"Fibrous mesothelioma, malignant","9051/3","ICD-O 3rd",25
659,"Epithelioid mesothelioma, benign","9052/0","ICD-O 3rd",25
660,"Epithelioid mesothelioma, malignant","9052/3","ICD-O 3rd",25
661,"Mesothelioma, biphasic, malignant","9053/3","ICD-O 3rd",25
662,"Adenomatoid tumor, NOS","9054/0","ICD-O 3rd",25
663,"Multicystic mesothelioma, benign","9055/0","ICD-O 3rd",25
664,"Cystic mesothelioma, NOS (C48._)","9055/1","ICD-O 3rd",25
665,"Dysgerminoma","9060/3","ICD-O 3rd",26
666,"Seminoma, NOS (C62._)","9061/3","ICD-O 3rd",26
667,"Seminoma, anaplastic (C62._)","9062/3","ICD-O 3rd",26
668,"Spermatocytic seminoma (C62._)","9063/3","ICD-O 3rd",26
669,"Intratubular malignant germ cells (C64.2)","9064/2","ICD-O 3rd",26
670,"Germinoma","9064/3","ICD-O 3rd",26
671,"Germ cell tumor, nonseminomatous (C62._)","9065/3","ICD-O 3rd",26
672,"Embryonal carcinoma, NOS","9070/3","ICD-O 3rd",26
673,"Yolk sac tumor","9071/3","ICD-O 3rd",26
674,"Polyembryoma","9072/3","ICD-O 3rd",26
675,"Gonadoblastoma","9073/1","ICD-O 3rd",26
676,"Teratoma, benign","9080/0","ICD-O 3rd",26
677,"Teratoma, NOS","9080/1","ICD-O 3rd",26
678,"Teratoma, malignant, NOS","9080/3","ICD-O 3rd",26
679,"Teratocarcinoma","9081/3","ICD-O 3rd",26
680,"Malignant teratoma, undifferentiated","9082/3","ICD-O 3rd",26
681,"Malignant teratoma, intermediate","9083/3","ICD-O 3rd",26
682,"Dermoid cyst, NOS ","9084/0","ICD-O 3rd",26
683,"Teratoma with malignant transformation","9084/3","ICD-O 3rd",26
684,"Mixed germ cell tumor","9085/3","ICD-O 3rd",26
685,"Struma ovarii, NOS (C56.9)","9090/0","ICD-O 3rd",26
686,"Struma ovarii, malignant (C56.9)","9090/3","ICD-O 3rd",26
687,"Strumal carcinoid (C56.9)","9091/1","ICD-O 3rd",26
688,"Hydatidiform mole, NOS (C58.9)","9100/0","ICD-O 3rd",27
689,"Invasive hydatidiform mole (C58.9)","9100/1","ICD-O 3rd",27
690,"Choriocarcinoma, NOS","9100/3","ICD-O 3rd",27
691,"Choriocarcinoma combined with other germ cell elements","9101/3","ICD-O 3rd",27
692,"Malignant teratoma, trophoblastic (C62._)","9102/3","ICD-O 3rd",27
693,"Partial hydatidiform mole (C58.9)","9103/0","ICD-O 3rd",27
694,"Placental site trophoblastic tumor (C58.9)","9104/1","ICD-O 3rd",27
695,"Trophoblastic tumor, epithelioid","9105/3","ICD-O 3rd",27
696,"Mesonephroma, benign","9110/0","ICD-O 3rd",28
697,"Mesonephric tumor, NOS","9110/1","ICD-O 3rd",28
698,"Mesonephroma, malignant","9110/3","ICD-O 3rd",28
699,"Hemangioma, NOS","9120/0","ICD-O 3rd",29
700,"Hemangiosarcoma","9120/3","ICD-O 3rd",29
701,"Cavernous hemangioma","9121/0","ICD-O 3rd",29
702,"Venous hemangioma","9122/0","ICD-O 3rd",29
703,"Racemose hemangioma","9123/0","ICD-O 3rd",29
704,"Kupffer cell sarcoma (C22.0)","9124/3","ICD-O 3rd",29
705,"Epithelioid hemangioma","9125/0","ICD-O 3rd",29
706,"Hemangioendothelioma, benign","9130/0","ICD-O 3rd",29
707,"Hemangioendothelioma, NOS","9130/1","ICD-O 3rd",29
708,"Hemangioendothelioma, malignant","9130/3","ICD-O 3rd",29
709,"Capillary hemangioma","9131/0","ICD-O 3rd",29
710,"Intramuscular hemangioma","9132/0","ICD-O 3rd",29
711,"Epithelioid hemangioendothelioma, NOS","9133/1","ICD-O 3rd",29
712,"Epithelioid hemangioendothelioma, malignant","9133/3","ICD-O 3rd",29
713,"Endovascular papillary angioendothelioma","9135/1","ICD-O 3rd",29
714,"Spindle cell hemangioendothelioma","9136/1","ICD-O 3rd",29
715,"Kaposi sarcoma","9140/3","ICD-O 3rd",29
716,"Angiokeratoma","9141/0","ICD-O 3rd",29
717,"Verrucous keratotic hemangioma","9142/0","ICD-O 3rd",29
718,"Hemangiopericytoma, benign","9150/0","ICD-O 3rd",29
719,"Hemangiopericytoma, NOS","9150/1","ICD-O 3rd",29
720,"Hemangiopericytoma, malignant","9150/3","ICD-O 3rd",29
721,"Angiofibroma, NOS","9160/0","ICD-O 3rd",29
722,"Acquired tufted hemangioma","9161/0","ICD-O 3rd",29
723,"Hemangioblastoma","9161/1","ICD-O 3rd",29
724,"Lymphangioma, NOS","9170/0","ICD-O 3rd",30
725,"Lymphangiosarcoma","9170/3","ICD-O 3rd",30
726,"Capillary lymphangioma","9171/0","ICD-O 3rd",30
727,"Cavernous lymphangioma","9172/0","ICD-O 3rd",30
728,"Cystic lymphangioma","9173/0","ICD-O 3rd",30
729,"Lymphangiomyoma","9174/0","ICD-O 3rd",30
730,"Lymphangiomyomatosis","9174/1","ICD-O 3rd",30
731,"Hemolymphangioma","9175/0","ICD-O 3rd",30
732,"Osteoma, NOS (C40._, C41._)","9180/0","ICD-O 3rd",31
733,"Osteosarcoma, NOS (C40._, C41._)","9180/3","ICD-O 3rd",31
734,"Chondroblastic osteosarcoma (C40._, C41._)","9181/3","ICD-O 3rd",31
735,"Fibroblastic osteosarcoma (C40._, C41._)","9182/3","ICD-O 3rd",31
736,"Telangiectatic osteosarcoma (C40._, C41._)","9183/3","ICD-O 3rd",31
737,"Osteosarcoma in Paget's disease of bone (C40._, C41._)","9184/3","ICD-O 3rd",31
738,"Small cell osteosarcoma (C40._, C41._)","9185/3","ICD-O 3rd",31
739,"Central osteosarcoma (C40._, C41._)","9186/3","ICD-O 3rd",31
740,"Intraosseous well differentiated osteosarcoma (C40._, C41._)","9187/3","ICD-O 3rd",31
741,"Osteoid osteoma, NOS (C40._, C41._)","9191/0","ICD-O 3rd",31
742,"Parosteal osteosarcoma (C40._, C41._)","9192/3","ICD-O 3rd",31
743,"Periosteal osteosarcoma (C40._, C41._)","9193/3","ICD-O 3rd",31
744,"High grade surface osteosarcoma (C40._, C41._)","9194/3","ICD-O 3rd",31
745,"Intracortical osteosarcoma (C40._, C41._)","9195/3","ICD-O 3rd",31
746,"Osteoblastoma, NOS (C40._, C41._)","9200/0","ICD-O 3rd",31
747,"Aggressive osteoblastoma (C40._, C41._)","9200/1","ICD-O 3rd",31
748,"Osteochondroma (C40._, C41._)","9210/0","ICD-O 3rd",31
749,"Osteochondromatosis, NOS (C40._, C41._)","9210/1","ICD-O 3rd",31
750,"Chondroma, NOS (C40._, C41._)","9220/0","ICD-O 3rd",31
751,"Chondromatosis, NOS","9220/1","ICD-O 3rd",31
752,"Chondrosarcoma, NOS (C40._, C41._)","9220/3","ICD-O 3rd",31
753,"Juxtacortical chondroma (C40._, C41._)","9221/0","ICD-O 3rd",31
754,"Juxtacortical chondrosarcoma (C40._, C41._)","9221/3","ICD-O 3rd",31
755,"Chondroblastoma, NOS (C40._, C41._)","9230/0","ICD-O 3rd",31
756,"Chondroblastoma, malignant (C40._, C41._)","9230/3","ICD-O 3rd",31
757,"Myxoid chondrosarcoma","9231/3","ICD-O 3rd",31
758,"Mesenchymal chondrosarcoma","9240/3","ICD-O 3rd",31
759,"Chondromyxoid fibroma (C40._, C41._)","9241/0","ICD-O 3rd",31
760,"Clear cell chondrosarcoma (C40._, C41._)","9242/3","ICD-O 3rd",31
761,"Dedifferentiated chondrosarcoma (C40._, C41._)","9243/3","ICD-O 3rd",31
762,"Giant cell tumor of bone, NOS (C40._, C41._)","9250/1","ICD-O 3rd",32
763,"Giant cell tumor of bone, malignant (C40._, C41._)","9250/3","ICD-O 3rd",32
764,"Giant cell tumor of soft parts, NOS","9251/1","ICD-O 3rd",32
765,"Malignant giant cell tumor of soft parts","9251/3","ICD-O 3rd",32
766,"Tenosynovial giant cell tumor (C49._)","9252/0","ICD-O 3rd",32
767,"Malignant tenosynovial giant cell tumor (C49._)","9252/3","ICD-O 3rd",32
768,"Ewing sarcoma","9260/3","ICD-O 3rd",33
769,"Adamantinoma of long bones","9261/3","ICD-O 3rd",33
770,"Ossifying fibroma","9262/0","ICD-O 3rd",33
771,"Odontogenic tumor, benign","9270/0","ICD-O 3rd",34
772,"Odontogenic tumor, NOS","9270/1","ICD-O 3rd",34
773,"Odontogenic tumor, malignant","9270/3","ICD-O 3rd",34
774,"Ameloblastic fibrodentinoma ","9271/0","ICD-O 3rd",34
775,"Cementoma, NOS ","9272/0","ICD-O 3rd",34
776,"Cementoblastoma, benign","9273/0","ICD-O 3rd",34
777,"Cementifying fibroma","9274/0","ICD-O 3rd",34
778,"Gigantiform cementoma","9275/0","ICD-O 3rd",34
779,"Odontoma, NOS","9280/0","ICD-O 3rd",34
780,"Compound odontoma","9281/0","ICD-O 3rd",34
781,"Complex odontoma","9282/0","ICD-O 3rd",34
782,"Ameloblastic fibro-odontoma ","9290/0","ICD-O 3rd",34
783,"Ameloblastic odontosarcoma ","9290/3","ICD-O 3rd",34
784,"Adenomatoid odontogenic tumor","9300/0","ICD-O 3rd",34
785,"Calcifying odontogenic cyst","9301/0","ICD-O 3rd",34
786,"Odontogenic ghost cell tumor ","9302/0","ICD-O 3rd",34
787,"Ameloblastoma, NOS","9310/0","ICD-O 3rd",34
788,"Ameloblastoma, malignant","9310/3","ICD-O 3rd",34
789,"Odontoameloblastoma","9311/0","ICD-O 3rd",34
790,"Squamous odontogenic tumor  ","9312/0","ICD-O 3rd",34
791,"Odontogenic myxoma","9320/0","ICD-O 3rd",34
792,"Central odontogenic fibroma","9321/0","ICD-O 3rd",34
793,"Peripheral odontogenic fibroma","9322/0","ICD-O 3rd",34
794,"Ameloblastic fibroma","9330/0","ICD-O 3rd",34
795,"Ameloblastic fibrosarcoma","9330/3","ICD-O 3rd",34
796,"Calcifying epithelial odontogenic tumor","9340/0","ICD-O 3rd",34
797,"Clear cell odontogenic tumor","9341/1","ICD-O 3rd",34
798,"Odontogenic carcinosarcoma","9342/3","ICD-O 3rd",34
799,"Craniopharyngioma (C75.2)","9350/1","ICD-O 3rd",35
800,"Craniopharyngioma, adamantinomatous (C75.2)","9351/1","ICD-O 3rd",35
801,"Craniopharyngioma, papillary (C75.2)","9352/1","ICD-O 3rd",35
802,"Pinealoma (C75.3)","9360/1","ICD-O 3rd",35
803,"Pineocytoma (C75.3)","9361/1","ICD-O 3rd",35
804,"Pineoblastoma (C75.3)","9362/3","ICD-O 3rd",35
805,"Melanotic neuroectodermal tumor","9363/0","ICD-O 3rd",35
806,"Peripheral neuroectodermal tumor","9364/3","ICD-O 3rd",35
807,"Askin tumor","9365/3","ICD-O 3rd",35
808,"Chordoma, NOS","9370/3","ICD-O 3rd",35
809,"Chondroid chordoma","9371/3","ICD-O 3rd",35
810,"Dedifferentiated chordoma","9372/3","ICD-O 3rd",35
811,"Parachordoma","9373/0 ","ICD-O 3rd",35
812,"Glioma, malignant (C71._)","9380/3","ICD-O 3rd",36
813,"Gliomatosis cerebri (C71._)","9381/3","ICD-O 3rd",36
814,"Mixed glioma (C71._)","9382/3","ICD-O 3rd",36
815,"Subependymoma (C71._)","9383/1","ICD-O 3rd",36
816,"Subependymal giant cell astrocytoma (C71._)","9384/1","ICD-O 3rd",36
817,"Choroid plexus papilloma, NOS (C71.5)","9390/0","ICD-O 3rd",36
818,"Atypical choroid plexus papilloma (C71.5)","9390/1","ICD-O 3rd",36
819,"Choroid plexus carcinoma (C71.5)","9390/3","ICD-O 3rd",36
820,"Ependymoma, NOS (C71._)","9391/3","ICD-O 3rd",36
821,"Ependymoma, anaplastic (C71._)","9392/3","ICD-O 3rd",36
822,"Papillary ependymoma (C71._)","9393/1","ICD-O 3rd",36
823,"Myxopapillary ependymoma (C71._)","9394/1","ICD-O 3rd",36
824,"Astrocytoma, NOS (C71._)","9400/3","ICD-O 3rd",36
825,"Astrocytoma, anaplastic (C71._)","9401/3","ICD-O 3rd",36
826,"Protoplasmic astrocytoma (C71._)","9410/3","ICD-O 3rd",36
827,"Gemistocytic astrocytoma (C71._)","9411/3","ICD-O 3rd",36
828,"Desmoplastic infantile astrocytoma (C71._)","9412/1","ICD-O 3rd",36
829,"Dysembryoplastic neuroepithelial tumor (C71._)","9413/0","ICD-O 3rd",36
830,"Fibrillary astrocytoma (C71._)","9420/3","ICD-O 3rd",36
831,"Pilocytic astrocytoma (C71._)","9421/1","ICD-O 3rd",36
832,"Polar spongioblastoma (C71._)","9423/3","ICD-O 3rd",36
833,"Pleomorphic xanthoastrocytoma (C71._) ","9424/3","ICD-O 3rd",36
834,"Astroblastoma (C71._)","9430/3","ICD-O 3rd",36
835,"Glioblastoma, NOS (C71._)","9440/3","ICD-O 3rd",36
836,"Giant cell glioblastoma (C71._)","9441/3","ICD-O 3rd",36
837,"Gliofibroma (C71._)","9442/1","ICD-O 3rd",36
838,"Gliosarcoma (C71._)","9442/3","ICD-O 3rd",36
839,"Chordoid glioma (C71._)","9444/1","ICD-O 3rd",36
840,"Oligodendroglioma, NOS (C71._)","9450/3","ICD-O 3rd",36
841,"Oligodendroglioma, anaplastic (C71._)","9451/3","ICD-O 3rd",36
842,"Oligodendroblastoma (C71._)","9460/3","ICD-O 3rd",36
843,"Medulloblastoma, NOS (C71.6)","9470/3","ICD-O 3rd",36
844,"Desmoplastic nodular medulloblastoma (C71.6)","9471/3","ICD-O 3rd",36
845,"Medullomyoblastoma (C71.6)","9472/3","ICD-O 3rd",36
846,"Primitive neuroectodermal tumor, NOS (C71._)","9473/3","ICD-O 3rd",36
847,"Large cell medulloblastoma (C71.6)","9474/3","ICD-O 3rd",36
848,"Cerebellar sarcoma, NOS (C71.6)","9480/3","ICD-O 3rd",36
849,"Ganglioneuroma","9490/0","ICD-O 3rd",37
850,"Ganglioneuroblastoma","9490/3","ICD-O 3rd",37
851,"Ganglioneuromatosis","9491/0","ICD-O 3rd",37
852,"Gangliocytoma","9492/0","ICD-O 3rd",37
853,"Dysplastic gangliocytoma of cerebellum (C71.6)","9493/0","ICD-O 3rd",37
854,"Neuroblastoma, NOS","9500/3","ICD-O 3rd",37
855,"Medulloepithelioma, benign (C69.4)","9501/0","ICD-O 3rd",37
856,"Medulloepithelioma, NOS","9501/3","ICD-O 3rd",37
857,"Teratoid medulloepithelioma, benign (C69.4)","9502/0","ICD-O 3rd",37
858,"Teratoid medulloepithelioma","9502/3","ICD-O 3rd",37
859,"Neuroepithelioma, NOS","9503/3","ICD-O 3rd",37
860,"Spongioneuroblastoma","9504/3","ICD-O 3rd",37
861,"Ganglioglioma","9505/1","ICD-O 3rd",37
862,"Ganglioma, anaplastic","9505/3","ICD-O 3rd",37
863,"Central neurocytoma","9506/1","ICD-O 3rd",37
864,"Pacinian tumor","9507/0","ICD-O 3rd",37
865,"Atypical teratoid/rhabdoid tumor (C71._)","9508/3","ICD-O 3rd",37
866,"Retinocytoma (C69.2)","9510/0","ICD-O 3rd",37
867,"Retinoblastoma, NOS (C69.2)","9510/3","ICD-O 3rd",37
868,"Retinoblastoma, differentiated (C69.2)","9511/3","ICD-O 3rd",37
869,"Retinoblastoma, undifferentiated (C69.2)  ","9512/3","ICD-O 3rd",37
870,"Retinoblastoma, diffuse (C69.2)  ","9513/3","ICD-O 3rd",37
871,"Retinoblastoma, spontaneously regressed (C69.2)  ","9514/1","ICD-O 3rd",37
872,"Olfactory neurogenic tumor","9520/3","ICD-O 3rd",37
873,"Olfactory neurocytoma (C30.0)","9521/3","ICD-O 3rd",37
874,"Olfactory neuroblastoma (C30.0)","9522/3","ICD-O 3rd",37
875,"Olfactory neuroepithelioma (C30.0)","9523/3","ICD-O 3rd",37
876,"Meningioma, NOS","9530/0","ICD-O 3rd",38
877,"Meningiomatosis, NOS","9530/1","ICD-O 3rd",38
878,"Meningioma, malignant","9530/3","ICD-O 3rd",38
879,"Meningothelial meningioma ","9531/0","ICD-O 3rd",38
880,"Fibrous meningioma","9532/0","ICD-O 3rd",38
881,"Psammomatous meningioma ","9533/0","ICD-O 3rd",38
882,"Angiomatous meningioma  ","9534/0","ICD-O 3rd",38
883,"Hemangioblastic meningioma ","9535/0","ICD-O 3rd",38
884,"Transitional meningioma","9537/0","ICD-O 3rd",38
885,"Clear cell meningioma","9538/1","ICD-O 3rd",38
886,"Papillary meningioma","9538/3","ICD-O 3rd",38
887,"Atypical meningioma","9539/1","ICD-O 3rd",38
888,"Meningeal sarcomatosis ","9539/3","ICD-O 3rd",38
889,"Neurofibroma, NOS","9540/0","ICD-O 3rd",39
890,"Neurofibromatosis, NOS","9540/1","ICD-O 3rd",39
891,"Malignant peripheral nerve sheath tumor","9540/3","ICD-O 3rd",39
892,"Melanotic neurofibroma","9541/0","ICD-O 3rd",39
893,"Plexiform neurofibroma","9550/0","ICD-O 3rd",39
894,"Neurilemoma, NOS","9560/0","ICD-O 3rd",39
895,"Neurinomatosis","9560/1","ICD-O 3rd",39
896,"Neurilemoma, malignant","9560/3","ICD-O 3rd",39
897,"Malignant peripheral nerve sheath tumor with rhabdomyoblastic differentiation","9561/3","ICD-O 3rd",39
898,"Neurothekeoma","9562/0","ICD-O 3rd",39
899,"Neuroma, NOS","9570/0","ICD-O 3rd",39
900,"Perineurioma, NOS","9571/0","ICD-O 3rd",39
901,"Perineurioma, malignant","9571/3","ICD-O 3rd",39
902,"Granular cell tumor, NOS","9580/0","ICD-O 3rd",40
903,"Granular cell tumor, malignant","9580/3","ICD-O 3rd",40
904,"Alveolar soft part sarcoma","9581/3","ICD-O 3rd",40
905,"Granular cell tumor of the sellar region (C75.1)","9582/0","ICD-O 3rd",40
906,"Malignant lymphoma, NOS","9590/3","ICD-O 3rd",41
907,"Malignant lymphoma, non-Hodgkin, NOS","9591/3","ICD-O 3rd",41
908,"Composite Hodgkin and non-Hodgkin lymphoma","9596/3","ICD-O 3rd",41
909,"Hodgkin lymphoma, NOS","9650/3","ICD-O 3rd",42
910,"Hodgkin lymphoma, lymphocyte-rich","9651/3","ICD-O 3rd",42
911,"Hodgkin lymphoma, mixed cellularity, NOS","9652/3","ICD-O 3rd",42
912,"Hodgkin lymphoma, lymphocytic depletion, NOS","9653/3","ICD-O 3rd",42
913,"Hodgkin lymphoma, lymphocytic depletion, diffuse fibrosis","9654/3","ICD-O 3rd",42
914,"Hodgkin lymphoma, lymphocytic depletion, reticular","9655/3","ICD-O 3rd",42
915,"Hodgkin lymphoma, lymphocytic predominance, nodular","9659/3","ICD-O 3rd",42
916,"Hodgkin granuloma","9661/3","ICD-O 3rd",42
917,"Hodgkin sarcoma","9662/3","ICD-O 3rd",42
918,"Hodgkin lymphoma, nodular sclerosis, NOS","9663/3","ICD-O 3rd",42
919,"Hodgkin lymphoma, nodular sclerosis, cellular phase","9664/3","ICD-O 3rd",42
920,"Hodgkin lymphoma, nodular sclerosis, grade 1","9665/3","ICD-O 3rd",42
921,"Hodgkin lymphoma, nodular sclerosis, grade 2","9667/3","ICD-O 3rd",42
922,"Malignant lymphoma, small B lymphocytic, NOS","9670/3","ICD-O 3rd",43
923,"Malignant lymphoma, lymphoplasmacytic","9671/3","ICD-O 3rd",43
924,"Mantle cell lymphoma","9673/3","ICD-O 3rd",43
925,"Malignant lymphoma, mixed small and large cell, diffuse","9675/3","ICD-O 3rd",43
926,"Primary effusion lymphoma","9678/3","ICD-O 3rd",43
927,"Mediastinal large B-cell lymphoma","9679/3","ICD-O 3rd",43
928,"Malignant lymphoma, large B-cell, diffuse, NOS","9680/3","ICD-O 3rd",43
929,"Malignant lymphoma, large B-cell, diffuse, immunoblastic, NOS","9684/3","ICD-O 3rd",43
930,"Burkitt lymphoma, NOS","9687/3","ICD-O 3rd",43
931,"Splenic marginal zone-B-cell lymphoma (C42.2)","9689/3","ICD-O 3rd",43
932,"Follicular lymphoma, NOS","9690/3","ICD-O 3rd",43
933,"Follicular lymphoma, grade 2","9691/3","ICD-O 3rd",43
934,"Follicular lymphoma, grade 1","9695/3","ICD-O 3rd",43
935,"Follicular lymphoma, grade 3","9698/3","ICD-O 3rd",43
936,"Marginal zone B-cell lymphoma, NOS","9699/3","ICD-O 3rd",43
937,"Mycosis fungoides (C44._)","9700/3","ICD-O 3rd",44
938,"Sezary syndrome","9701/3","ICD-O 3rd",44
939,"Mature T-cell lymphoma, NOS","9702/3","ICD-O 3rd",44
940,"Angioimmunoblastic T-cell lymphoma","9705/3","ICD-O 3rd",44
941,"Subcutaneous panniculitis-like-T-cell lymphoma","9708/3","ICD-O 3rd",44
942,"Cutaneous T-cell lymphoma, NOS (C44._)","9709/3","ICD-O 3rd",44
943,"Anaplastic large cell lymphoma, T cell and null cell type","9714/3","ICD-O 3rd",44
944,"Hepatosplenic  (gamma-delta) cell lymphoma","9716/3","ICD-O 3rd",44
945,"Intestinal T-cell lymphoma","9717/3","ICD-O 3rd",44
946,"Lymphomatoid papulosis (C44._)","9718/3","ICD-O 3rd",44
947,"NK/T-cell lymphoma, nasal and nasal-type ","9719/3","ICD-O 3rd",44
948,"Precursor cell lymphoblastic lymphoma, NOS","9727/3","ICD-O 3rd",45
949,"Precursor B-cell lymphoblastic lymphoma","9728/3","ICD-O 3rd",45
950,"Precursor T-cell lymphoblastic lymphoma","9729/3","ICD-O 3rd",45
951,"Plasmacytoma, NOS","9731/3","ICD-O 3rd",46
952,"Multiple myeloma (C42.1)","9732/3","ICD-O 3rd",46
953,"Plasma cell leukemia (C42.1)","9733/3","ICD-O 3rd",46
954,"Plasmacytoma, extramedullary","9734/3","ICD-O 3rd",46
955,"Mastocytoma, NOS","9740/1","ICD-O 3rd",47
956,"Mast cell sarcoma","9740/3","ICD-O 3rd",47
957,"Malignant mastocytosis","9741/3","ICD-O 3rd",47
958,"Mast cell leukemia (C42.1)","9742/3","ICD-O 3rd",47
959,"Malignant histiocytosis","9750/3","ICD-O 3rd",48
960,"Langerhans cell histiocytosis, NOS","9751/1","ICD-O 3rd",48
961,"Langerhans cell histiocytosis, unifocal","9752/1","ICD-O 3rd",48
962,"Langerhans cell histiocytosis, multifocal","9753/1","ICD-O 3rd",48
963,"Langerhans cell histiocytosis, disseminated","9754/3","ICD-O 3rd",48
964,"Histiocytic sarcoma","9755/3","ICD-O 3rd",48
965,"Langerhans cell sarcoma","9756/3","ICD-O 3rd",48
966,"Interdigitating dendritic cell sarcoma","9757/3","ICD-O 3rd",48
967,"Follicular dendritic cell sarcoma","9758/3","ICD-O 3rd",48
968,"Immunoproliferative disease, NOS ","9760/3","ICD-O 3rd",49
969,"Waldenstrom macroglobulinemia (C42.0)","9761/3","ICD-O 3rd",49
970,"Heavy chain disease, NOS","9762/3","ICD-O 3rd",49
971,"Immunoproliferative small intestinal disease (C17._)","9764/3","ICD-O 3rd",49
972,"Monoclonal gammopathy of undetermined significance","9765/1","ICD-O 3rd",49
973,"Angiocentric immunoproliferative lesion","9766/1","ICD-O 3rd",49
974,"Angioimmunoblastic lymphadenopathy","9767/1","ICD-O 3rd",49
975,"T-gamma lymphoproliferative disease","9768/1","ICD-O 3rd",49
976,"Immunoglobulin deposition disease","9769/1 ","ICD-O 3rd",49
977,"Leukemia, NOS","9800/3","ICD-O 3rd",50
978,"Acute leukemia, NOS","9801/3","ICD-O 3rd",50
979,"Acute biphenotypic leukemia","9805/3","ICD-O 3rd",50
980,"Lymphoid leukemia, NOS","9820/3","ICD-O 3rd",51
981,"B-cell chronic lymphocytic leukemia/small lymphocytic lymphoma","9823/3","ICD-O 3rd",51
982,"Burkitt cell leukemia","9826/3","ICD-O 3rd",51
983,"Adult T-cell leukemia/lymphoma (HTLV-1 positive)","9827/3","ICD-O 3rd",51
984,"T-cell large granular lymphocytic leukemia","9831/3","ICD-O 3rd",51
985,"Prolymphocytic leukemia, NOS","9832/3","ICD-O 3rd",51
986,"Prolymphocytic leukemia, B-cell type","9833/3","ICD-O 3rd",51
987,"Prolymphocytic leukemia, T-cell type","9834/3","ICD-O 3rd",51
988,"Precursor cell lymphoblastic leukemia, NOS","9835/3","ICD-O 3rd",51
989,"Precursor B-cell lymphoblastic leukemia","9836/3","ICD-O 3rd",51
990,"Precursor T-cell lymphoblastic leukemia","9837/3","ICD-O 3rd",51
991,"Acute myeloid leukemia, M6 type","9840/3","ICD-O 3rd",52
992,"Myeloid leukemia, NOS ","9860/3","ICD-O 3rd",52
993,"Acute myeloid leukemia, NOS","9861/3","ICD-O 3rd",52
994,"Chronic myeloid leukemia, NOS","9863/3","ICD-O 3rd",52
995,"Acute promyelocytic leukemia","9866/3","ICD-O 3rd",52
996,"Acute myelomonocytic leukemia","9867/3","ICD-O 3rd",52
997,"Acute basophilic leukemia","9870/3","ICD-O 3rd",52
998,"Acute myeloid leukemia with abnormal marrow eosinophils","9871/3","ICD-O 3rd",52
999,"Acute myeloid leukemia, minimal differentiation","9872/3","ICD-O 3rd",52
1000,"Acute myeloid leukemia without maturation","9873/3","ICD-O 3rd",52
1001,"Acute myeloid leukemia with maturation","9874/3","ICD-O 3rd",52
1002,"Chronic myelogenous leukemia, BCR/ABL positive","9875/3","ICD-O 3rd",52
1003,"Atypical chronic myeloid leukemia, BCR/ABL negative","9876/3","ICD-O 3rd",52
1004,"Acute monocytic leukemia ","9891/3","ICD-O 3rd",52
1005,"Acute myeloid leukemia with multilineage dysplasia","9895/3","ICD-O 3rd",52
1006,"Acute myeloid leukemia, t(8;21)(q22;q22)","9896/3","ICD-O 3rd",52
1007,"Acute myeloid leukemia, 11q23 adnormalities","9897/3","ICD-O 3rd",52
1008,"Acute megakaryoblastic leukemia","9910/3","ICD-O 3rd",52
1009,"Therapy-related acute myeloid leukemia, NOS","9920/3","ICD-O 3rd",52
1010,"Myeloid sarcoma","9930/3","ICD-O 3rd",52
1011,"Acute panmyelosis with myelofibrosis (C42.1)","9931/3","ICD-O 3rd",52
1012,"Hairy cell leukemia (C42.1) ","9940/3","ICD-O 3rd",53
1013,"Chronic myelomonocytic leukemia, NOS","9945/3","ICD-O 3rd",53
1014,"Juvenile myelomonocytic leukemia","9946/3","ICD-O 3rd",53
1015,"Aggressive NK-cell leukemia","9948/3","ICD-O 3rd",53
1016,"Polycythemia vera","9950/3","ICD-O 3rd",54
1017,"Chronic myeloproliferative disease, NOS","9960/3","ICD-O 3rd",54
1018,"Myelosclerosis with myeloid metaplasia ","9961/3","ICD-O 3rd",54
1019,"Essential thrombocythemia","9962/3","ICD-O 3rd",54
1020,"Chronic neutrophilic leukemia","9963/3","ICD-O 3rd",54
1021,"Hypereosinophilic syndrome","9964/3","ICD-O 3rd",54
1022,"Lymphoproliferative disorder, NOS","9970/1","ICD-O 3rd",55
1023,"Myeloproliferative disease, NOS","9975/1","ICD-O 3rd",55
1024,"Refractory anemia, NOS ","9980/3","ICD-O 3rd",56
1025,"Refractory anemia with sideroblasts","9982/3","ICD-O 3rd",56
1026,"Refractory anemia with excess blasts","9983/3","ICD-O 3rd",56
1027,"Refractory anemia with excess blasts in transformation","9984/3","ICD-O 3rd",56
1028,"Refractory cytopenia with multilineage dysplasia","9985/3","ICD-O 3rd",56
1029,"Myelodysplastic syndrome with 5q deletion","9986/3","ICD-O 3rd",56
1030,"Therapy-related myelodysplastic syndrome","9987/3","ICD-O 3rd",56
1031,"Myelodysplastic syndrome, NOS","9989/3","ICD-O 3rd",56
1032,"Keloid","49720","SNOMED",57
1033,"Hyperplasia, NOS","72000","SNOMED",57
1034,"Hyperplasia, glandular","72420","SNOMED",57
1035,"Keratosis, NOS","72600","SNOMED",57
1036,"Leucoplakia, NOS","72830","SNOMED",57
1037,"Keratosis, actinic","72850","SNOMED",57
1038,"Keratoacanthoma, NOS","72860","SNOMED",57
1039,"Metaplasia","73000","SNOMED",57
1040,"Barrett's esophagus","73330","SNOMED",57
1041,"Dysplasia, NOS","74000","SNOMED",57
1042,"Dysplasia, mild","74006","SNOMED",57
1043,"Dysplasia, moderate","74007","SNOMED",57
1044,"Dysplasia, severe","74008","SNOMED",57
1045,"Von Recklinghausen disease, bone","74840","SNOMED",57
1046,"Polyp, NOS","76800","SNOMED",57
1047,"Normal tissue","1","Other",58
1048,"Embryo fibroblasts","2","Other",58
1049,"Fibrosis, NOS","49000","SNOMED",57
1055,"Pterygium","3","Other",57
1056,"Inflammatory pseudotumor","76820","SNOMED",57
1057,"Polyp, hyperplastic","72040","SNOMED",57
1059,"Endometriosis, NOS","76500","SNOMED",57
1060,"Esophagitis","30100","SNOMED",57
1061,"Pulmonary sclerosing hemangioma","4","Other",57
1062,"Plasmacytoid carcinoma","5","Other",57
1064,"B Lymphoblastic leukemia/lymphoma with hypodiploidy (Hypodiploid ALL)","9816/3","ICD-O 3rd (2010)",51
1066,"Papillary glioneuronal tumor","9509/1","ICD-O 4th",37

1,058 rows selected. 

