"MM_ID","AAchange","caMOD_ID","ModelDescription","TumorSites","PubMed","Mref_ID","Comment"
1,"R175L","394","<b>PB-p53(R172L) x TRAMP</b>","Prostate Glands","14707287",16,""
2,"R175L","511","<b>PB-p53(R172L)</b>","NA","14707287",16,""
3,"A138V","50002762","(B6; CD-1) <b>Tg(Trp53A135V)L2Ber</b>","Bone, Lung, Mesodermal cell/mesoblast, Leukocyte","11780111",43,""
6,"NA","7","<b>mdm2-/- p53-/-</b>","Bone, Connective Tissue, Leukocyte - Lymphocyte - T-Lymphocyte","7477326",101,""
7,"R175H","8","<b>p53R172Hdeltag</b>","Bone, Leukocyte - Lymphocyte - T-Lymphocyte, Liver - Hepatocyte, Lung","10760284",68,""
8,"NA","16","<b>Brca1<sup>Ko/Co</sup> x MMTV-cre x Trp53<sup>+/-</sup><b>","Mammary Gland","10319859",81,""
9,"NA","48","(BALB/c) <b>p53 null transplant</b>","NA","10713689",69,""
10,"NA","181","<b>K-ras LA1/p53+/-</b>","Connective Tissue - Fibroblast, Intestine - Large Intestine, Leukocyte - Lymphocyte - Thymocyte, Lung - Alveolus, Skin - Epidermis - Keratinocyte","11323676",53,""
11,"NA","118","<b>Wnt 1 transgenics  x  p53 +/-</b>","Mammary Gland","7705663",104,""
12,"R175H","111","<b>WAP-p53 172R-H</b> treated with DMBA","Mammary Gland","9519874",90,""
13,"NA","119","<b>Wnt 1 transgenics  x  p53 -/-</b>","Mammary Gland, Thymus","7705663",104,""
14,"NA","217","<b>p53+/-</b>","CNS - Brain","7922305",109,""
15,"NA","330","(BALB/c) <b>p53 null transplant-pituitary isograft</b>","Mammary Gland","10713689",69,""
16,"R175H","169","MMTV <b>c-erb-B2 x WAP-p53 172R-H</b>","Mammary Gland","9154814",99,""
17,"NA","170","<b>Brca1<sup>delta11/delta11</sup> x Trp53<sup>+/-</sup></b>","Mammary Gland, Ovary, Thymus, Esophagus, Forestomach","11431698",50,"Updated with PubMed ID 17363841"
18,"NA","171","<b>c-neu(TG.NK) x Trp53<sup>+/-</sup></b>","Mammary Gland, Salivary Gland - Parotid","11313888",54,""
19,"NA","240","<b>K5-Tert Tg x p53-/-</b>","Prepuce, Skin","12242304",36,""
20,"R175H","113","<b>WAP-p53 172R-H x WAP-TGF alpha</b>","Mammary Gland","9519874",90,""
21,"R175H","168","<b>WAP-p53 172R-H x WAP-des-IGF-1</b>","Mammary Gland","10702797",71,""
22,"NA","433","(BALB/c) <b>Trp53<sup>+/-</sup></b>","Mammary Gland","11106587",60,""
23,"NA","378","(BALB/c) <b>Trp53<sup>-/-</sup></b>","Soft Tissues, Thymus","11106587",60,""
24,"NA","516","<b>p53+/- Fbxw7+/-</b>","Bone, Liver, Lung, Ovary, Thymus","15592418",8,""
25,"NA","280","<b>K-ras LA1/p53-/-</b>","Blood Vessel, Connective Tissue - Fibroblast, Leukocyte - Lymphocyte - Thymocyte, Lung - Alveolus, Skin - Epidermis - Keratinocyte","11323676",53,""
26,"NA","335","<b>Ptc+/-p53-/-</b>","CNS - Brain","11212243",58,""
27,"NA","411","<b>p53<sup>fp/fp</sup> x WAP-Cre</b>","Mammary Gland","15150107",14,""
28,"NA","415","<b>p27Kip1 KO x p53 KO</b>","Leukocyte - Lymphocyte - Immature T-Lymphocyte","14647411",17,""
29,"NA","397","(BALB) <b>p53neu</b>","Salivary Gland, Skeletal System","12782574",25,""
30,"NA","533","<b>p53 heterozygous Tg.AC (v-Ha-ras) bitransgenic mice</b>","Mammary Gland, Salivary Gland - Parotid, Spleen, Stomach, Thymus, Uterus","15204965",13,""
31,"NA","592","<b>trans Hic1+/-;p53+/-</b>","Adrenal Gland, CNS - Brain, Mammary Gland, Ovary, Soft Tissues","15488761",9,""
32,"NA","597","<b>cis Hic1+/-;p53+/-</b>","Soft Tissues","15488761",9,""
33,"NA","10006933","<b>Trp53<sup>N</sup></b>","Heart, Liver, Lung, Mammary Gland, Renal Pelvis, Skin, Testis, Thymus","1552940",111,""
34,"NA","10009246","<b>Trp53<sup>loxP</sup></b>","NA","16079851",6,""
35,"NA","10010948","<b>Trp53<sup>F2-10/F2-10</sup></b>","NA","11694875",47,""
36,"A138V","50000284","(FVB/N) <b>Tg(Trp53A135V)1Tgd</b>","Lung","9230291",97,""
37,"A138V","50000285","(FVB/N) <b>Tg(Trp53A135V)2Tgd</b>","Lung","9230291",97,""
38,"A138V","50000287","(FVB/N) <b>Tg(Trp53A135V)3Tgd</b>","Lung","9230291",97,""
39,"A138V","50000288","(FVB/N) <b>Tg(Trp53A135V)4Tgd</b>","Lung","9230291",97,""
40,"R196P","50000291","<b>CD-1-Tg(Trp53R193P)1Ber</b>","Bone, Lung, Testis, Skin, Leukocyte, Muscle - Striated - Skeletal, Ovary","2476668",112,""
41,"R196P","50000292","<b>CD-1-Tg(Trp53R193P)2Ber</b>","Bone, Lung, Skin, Leukocyte, Muscle - Striated - Skeletal, Connective tissue - Fibroblast, Adrenal gland, Ovary","2476668",112,""
42,"R196P","50000293","<b>CD-1-Tg(Trp53R193P)3Ber</b>","Bone, Ovary","2476668",112,""
43,"A138V","50000294","<b>CD-1-Tg(Trp53A135V)L1Ber</b>","Leukocyte, Ovary","2476668",112,""
44,"A138V","50000296","<b>CD-1-Tg(Trp53A135V)L2Ber</b>","Bone, Leukocyte, Ovary","2476668",112,""
45,"A138V","50000297","<b>CD-1-Tg(Trp53A135V)L3Ber</b>","Bone, Leukocyte, Ovary","2476668",112,""
46,"NA","50000321","(129) <b>Trp53<sup>tm1Tyj</sup>/J</b>","Mesothelium","9400702",92,""
47,"NA","50000322","(129) <b>Trp53<sup>tm1Tyj</sup>/J</b>","Mesothelium","9400702",92,""
48,"NA","50000323","(129) <b>Trp53<sup>tm1Tyj</sup>/J</b>","Thymus, Blood vessel, Mesothelium","9400702",92,""
49,"NA","50000324","(129) <b>Trp53<sup>tm1Tyj</sup>/J</b>","Thymus, Blood vessel, Mesothelium","9400702",92,""
50,"NA","50000914","(STOCK) <b>Tg(LPV-TAg121)2Tvd Trp53<sup>tm1Tyj</sup></b>","CNS - Brain - Choroid plexus","8069917",107,""
51,"NA","50000915","(STOCK) <b>Tg(LPV-TAg121)2Tvd Trp53<sup>tm1Tyj</sup>/+</b>","CNS - Brain - Choroid plexus","8069917",107,""
52,"NA","50000916","(STOCK) <b>Tg(LPV-SV40T)1Tvd Trp53<sup>tm1Tyj</sup>/+</b>","CNS - Brain - Choroid plexus","8069917",107,""
53,"NA","50000924","[not specified] <b>Tg(GFAP-SRC)#Aag Trp53<sup>tm1Brd</sup>/+</b>","CNS - Brain - Astrocyte","10027415",83,""
54,"NA","50001126","(B6; D2) <b>Tg(TTRp53DD)2Tvd</b>","NA","8846919",100,""
55,"NA","50001127","(B6; D2) <b>Tg(LPV-TAg121)2Tvd Tg(TTRp53DD)#Tvd</b>","CNS - Brain - Choroid plexus","8846919",100,""
56,"NA","50001128","(B6; D2) <b>Tg(TTRp53DD)4Tvd</b>","NA","8846919",100,""
57,"NA","50001157","[not specified] <b>Trp53<sup>tm1Brd</sup></b>","Esophagus, Leukocyte","10210642",82,""
58,"NA","50001158","[not specified] <b>Trp53<sup>tm1Brd</sup></b>","Esophagus","10210642",82,""
59,"NA","50001163","(B6; 129S7) <b>Trp53<sup>tm1Brd</sup>/+</b>","Urinary Bladder","9731488",87,""
60,"NA","50001164","(B6;129S7) <b>Trp53<sup>tm1Brd</sup>/+</b>","Urinary Bladder","9354418",94,""
61,"NA","50001165","(B6; 129S7) <b>Trp53<sup>tm1Brd</sup>/+</b>","Urinary Bladder","9354418",94,""
62,"NA","50001166","(B6; 129S7) <b>Trp53<sup>tm1Brd</sup>/+</b>","Liver, Lymphoid tissue, Mammary gland, Urinary Bladder","16237043",4,""
63,"A138V","50001168","(FVB/N) <b>Tg(Trp53A135V)#Tgd</b>","Lung","9230291",97,""
64,"NA","50001281","[not specified];129 <b>Trp53<sup>tm1Tyj</sup></b>","Bone, Thymus, Germ cell (sex not specified), Blood vessel, Eye - Harderian gland, Leukocyte, Muscle - Striated - Skeletal, Mammary gland","9950212",84,""
65,"NA","50001282","[not specified];129 <b>Trp53<sup>tm1Tyj</sup></b>","Thymus","9950212",84,""
66,"NA","50001283","[not specified];129 <b>Brca1<sup>tm1Bhk</sup>/+ Trp53<sup>tm1Tyj</sup></b>","Thymus, Germ cell (sex not specified), Rete ovarii, Leukocyte, Mammary gland","9950212",84,""
67,"NA","50001284","[not specified];129 <b>Trp53<sup>tm1Tyj</sup>/+</b>","Bone, Lung, Skin, Mammary gland, Liver - Hepatocyte, Muscle - Smooth","9950212",84,""
68,"NA","50001285","[not specified];129 <b>Trp53<sup>tm1Tyj</sup>/+</b>","CNS - Brain, Thymus, Mesodermal cell/mesoblast, Leukocyte, Ovary","9950212",84,""
69,"NA","50001286","[not specified];129 <b>Brca1<sup>tm1Bhk</sup>/+ Trp53<sup>tm1Tyj</sup>/+</b>","Bone, Lung, Blood vessel, Connective tissue - Fibroblast, Skin - Epidermis - Basal cell, Liver - Hepatocyte","9950212",84,""
70,"NA","50001287","[not specified];129 <b>Brca1<sup>tm1Bhk</sup>/+ Trp53<sup>tm1Tyj</sup>/+</b>","Thymus, Blood vessel, Leukocyte - Monocyte - Macrophage - , Histiocyte, Mesodermal cell/mesoblast, Skin - Hair follicle, Mammary gland, Ovary","9950212",84,""
71,"R175H","50001288","(FVB/N) <b>Tg(Trp53R172H)8512Jmr</b>","Mammary gland","9519874",90,""
72,"R175H","50001289","(FVB/N) <b>Tg(Trp53R172H)8512Jmr</b>","Mammary gland","9519874",90,""
73,"R175H","50001290","(FVB) <b>Tg(MMTVneu)202Mul Tg(Trp53R172H)8512Jmr</b>","Mammary gland","9154814",99,""
74,"NA","50001333","(B6; 129S) <b>Mdm2<sup>tm1Glo</sup>/+ Trp53<sup>tm1Tyj</sup></b>","Bone, Spleen, Thymus, Germ cell (sex not specified), Blood vessel, Testis - Germ cell, Leukocyte, Connective tissue - Fibroblast","10419603",79,"See also Mref_ID 143, 239"
75,"NA","50001334","(B6; 129S) <b>Mdm2<sup>tm1Glo</sup> Trp53<sup>tm1Tyj</sup></b>","Bone, Spleen, Thymus, Germ cell (sex not specified), Blood vessel, Testis - Germ cell, Leukocyte, Connective tissue - Fibroblast","10419603",79,""
76,"NA","50001335","(C57BL/6; 129/Sv) <b>Trp53<sup>tm1Tyj</sup></b>","Bone, Spleen, Thymus, Germ cell (sex not specified), Blood vessel, Testis - Germ cell, Leukocyte, Leukocyte, Connective tissue - Fibroblast","10419603",143,""
77,"NA","50001336","(B6; 129S) <b>Trp53<sup>tm1Tyj</sup></b>","Leukocyte - Lymphocyte - Pre-B-lymphocyte","10611241",74,""
78,"NA","50001337","(B6; 129S) <b>Trp53<sup>tm1Tyj</sup></b>","Leukocyte - Lymphocyte - Pre-B-lymphocyte","10611241",74,""
79,"NA","50001445","(B6; 129) <b>Apc<sup>tm1Rak</sup>/+ Trp53<sup>tm1Tyj</sup>/+</b>","Muscle - Striated - Skeletal","9453487",91,""
80,"NA","50001446","(B6; 129) <b>Apc<sup>tm1Rak</sup>/+ Trp53<sup>tm1Tyj</sup></b>","Muscle - Striated - Skeletal, Intestine","9453487",91,"Updated with PubMed ID 17200209"
81,"NA","50001450","(STOCK) <b>Apc<sup>Min</sup>/+ Trp53<sup>tm1Mlh</sup></b>","Thymus, Lymph node, Pancreas, Intestine - Small Intestine, Intestine - Large Intestine","7478622",102,""
82,"NA","50001452","(STOCK) <b>Trp53<sup>tm1Mlh</sup></b>","Thymus, Lymph node, Pancreas","7478622",102,""
83,"NA","50001520","(C57BL/6; 129S4/SvJae) <b>cis Nf1<sup>tm1Tyj</sup>/+ Trp53<sup>tm1Tyj</sup>/+</b> Npcis","PNS - Nerve sheath","10591652",77,"Detailed genetic background obtained from Mref_ID 61"
84,"NA","50001521","(C57BL/6; 129S4/SvJae) <b>trans Nf1<sup>tm1Tyj</sup>/+ Trp53<sup>tm1Tyj</sup>/+</b> Nptrans","Bone, Blood vessel, Muscle","10591652",77,"Detailed genetic background obtained from Mref_ID 61"
85,"NA","50001535","(129S1/SvImJ) <b>Rb1<sup>tm1Tyj</sup>/+ Trp53<sup>tm1Tyj</sup>/+</b>","Lung, Pancreas - Islet of Langerhans, Mesodermal cell/mesoblast, Thyroid gland - medulla - C cell, Thyroid gland - medulla, Leukocyte, Pituitary gland","9794240",86,""
86,"NA","50001536","(129S1/SvImJ) <b>Rb1<sup>tm1Tyj</sup>/+ Trp53<sup>tm1Tyj</sup></b>","Lung, Germ cell (sex not specified), Pancreas - Islet of Langerhans, Mesodermal cell/mesoblast, Thyroid gland - medulla, Leukocyte, Pituitary gland","9794240",86,""
87,"NA","50001538","(B6; 129S) <b>Trp53<sup>tm1Tyj</sup>/+</b>","Leukocyte - Lymphocyte - Pre-B-lymphocyte","10611241",74,""
88,"NA","50001539","(B6; 129S) <b>Trp53<sup>tm1Tyj</sup>/+</b>","Leukocyte - Lymphocyte - Pre-B-lymphocyte","10611241",74,""
89,"NA","50001574","(B6; 129) <b>Nf1<sup>tm1Fcr</sup>/+ Trp53<sup>tm1Tyj</sup>/+</b>","Neuroblast, Mesodermal cell/mesoblast, Leukocyte","10591653",76,""
90,"NA","50001575","(B6; 129) <b>Nf1<sup>tm1Fcr</sup>/+ Trp53<sup>tm1Tyj</sup>/+</b>","Mesodermal cell/mesoblast, Leukocyte","10591653",76,""
91,"NA","50001576","(B6; 129) <b>Nf1<sup>tm1Fcr</sup>/+ Trp53<sup>tm1Tyj</sup></b>","Leukocyte","10591653",76,""
92,"NA","50001581","[not specified] <b>Trp53<sup>tm1Sia</sup></b>","Thymus, Germ cell (sex not specified), Blood vessel, Neuroblast, Mesodermal cell/mesoblast","10346812",80,""
93,"NA","50001582","[not specified] <b>Irf1<sup>tm1Mak</sup> Trp53<sup>tm1Sia</sup></b>","Thymus, Germ cell (sex not specified), Blood vessel, Mesodermal cell/mesoblast, CNS - Spinal cord, CNS - Brain - Undifferentiated cell","10346812",80,""
94,"NA","50001583","[not specified] <b>Trp53<sup>tm1Sia</sup></b> : STOCK <b>Irf1<sup>tm1Mak</sup> Trp53<sup>tm1Sia</sup></b>","Thymus, Adipose tissue, Blood vessel, Mesodermal cell/mesoblast","10346812",80,""
95,"NA","50001584","[not specified] +/+ : STOCK <b>Irf1<sup>tm1Mak</sup> Trp53<sup>tm1Sia</sup></b>","Thymus, Blood vessel","10346812",80,""
96,"NA","50001617","[not specified] <b>Trp53<sup>tm1Tyj</sup> Xrcc4<sup>tm1Fwa</sup></b>","Leukocyte - Lymphocyte - Pro-B-lymphocyte","10786799",65,""
97,"NA","50001618","[not specified] <b>Trp53<sup>tm1Tyj</sup>/+ Xrcc4<sup>tm1Fwa</sup></b>","NA","10786799",65,""
98,"NA","50001654","(STOCK) <b>Terc<sup>tm1Rdp</sup> Trp53<sup>tm1Tyj</sup></b>","Thymus, Mesodermal cell/mesoblast, Leukocyte - Lymphocyte","10949306",62,""
99,"NA","50001655","(STOCK) <b>Terc<sup>tm1Rdp</sup>/+ Trp53<sup>tm1Tyj</sup></b>","NA","10949306",62,""
100,"NA","50001656","(STOCK) <b>Terc<sup>tm1Rdp</sup> Trp53<sup>tm1Tyj</sup>/+</b>","Bone, Skin, Blood vessel, Intestine - Large Intestine - Cecum, Salivary gland - Parotid, Mesodermal cell/mesoblast, Leukocyte, Mammary gland, Ovary, Leukocyte - Lymphocyte, Intestine - Large Intestine","10949306",62,""
101,"NA","50001657","(C57BL/6) <b>Nf1<sup>tm1Tyj</sup>/+ Trp53<sup>tm1Tyj</sup>/+</b>","Mesodermal cell/mesoblast, CNS - Brain - Astrocyte","10973261",61,""
102,"NA","50001658","(C57BL/6 x C3H/HeJ) F1 <b>Nf1<sup>tm1Tyj</sup>/+ Trp53<sup>tm1Tyj</sup>/+</b>","Mesodermal cell/mesoblast, CNS - Brain - Astrocyte","10973261",61,""
103,"NA","50001660","(C57BL/6 x CAST/EiJ) F1 <b>Nf1<sup>tm1Tyj</sup>/+ Trp53<sup>tm1Tyj</sup>/+</b>","Mesodermal cell/mesoblast, CNS - Brain - Astrocyte","10973261",61,""
104,"NA","50001661","(C57BL/6 x SJL/J) F1 <b>Nf1<sup>tm1Tyj</sup>/+ Trp53<sup>tm1Tyj</sup>/+</b>","Mesodermal cell/mesoblast, CNS - Brain - Astrocyte","10973261",61,""
105,"NA","50001732","(B6; 129S) <b>Apc<sup>Min</sup>/+ Trp53<sup>tm1Tyj</sup></b>","Intestine - Large Intestine - Colon, Stomach, Intestine - Ileocecal Junction, Intestine - Small Intestine","9294187",96,""
106,"NA","50001733","(B6; 129S) <b>Apc<sup>Min</sup>/+ Trp53<sup>tm1Tyj</sup>/+</b>","Intestine - Large Intestine - Colon, Stomach, Intestine - Ileocecal Junction, Intestine - Small Intestine","9294187",96,""
107,"NA","50001851","(STOCK) <b>Tg(NES-TVA)12Hev Trp53<sup>tm1Brd/+</b>","CNS - Brain - Glial cell","9851974",85,""
108,"NA","50001852","(STOCK) <b>Tg(NES-TVA)12Hev Trp53<sup>tm1Brd/+</b>","CNS - Brain - Glial cell","9851974",85,""
109,"NA","50001853","(STOCK) <b>Tg(NES-TVA)12Hev Trp53<sup>tm1Brd/+</b>","CNS - Brain - Glial cell","9851974",85,""
110,"NA","50001888","[not specified] <b>Kras<sup>tm2Tyj</sup>/+ Trp53<sup>tm1Tyj</sup>/+</b>","Bone, Lung, Skin, Thymus, Germ cell (sex not specified), Intestine - Small Intestine - Duodenum, Blood vessel, Leukocyte - Monocyte - Macrophage - Histiocyte, Mesodermal cell/mesoblast, Connective tissue - Fibroblast, CNS - Brain - Undifferentiated cell","11323676",53,""
111,"NA","50001894","[not specified] <b>Kras<sup>tm2Tyj</sup>/+ Trp53<sup>tm1Tyj</sup></b>","Bone, Lung, Skin, Thymus, Germ cell (sex not specified), Intestine - Small Intestine - Duodenum, Blood vessel, Leukocyte - Monocyte - Macrophage - Histiocyte, Mesodermal cell/mesoblast, Connective tissue - Fibroblast, CNS - Brain - Undifferentiated cell","11323676",53,""
112,"NA","50001902","[not specified] <b>Tg(Tyr-HRAS)60Lc Trp53<sup>tm1Tyj</sup>/+</b>","Skin - Melanocyte","11238948",57,""
113,"NA","50001903","[not specified] <b>Tg(Tyr-HRAS)60Lc Trp53<sup>tm1Tyj</sup></b>","Skin - Melanocyte, Mesodermal cell/mesoblast, Leukocyte - Lymphocyte","11238948",57,""
114,"NA","50001977","(B6AF1) <b>Trp53<sup>tm1Brd</sup>/+</b>","Lung","10706103",70,""
115,"NA","50001978","(B6AF1) <b>Trp53<sup>tm1Brd</sup>/+</b>","Lung","10706103",70,""
116,"A138V","50001987","(FVBAF1) <b>Tg(Trp53A135V)3Tgd</b>","Lung","10706103",70,""
117,"A138V","50001988","(FVBAF1) <b>Tg(Trp53A135V)3Tgd</b>","Lung","10706103",70,""
118,"A138V","50001989","(FVBAF1) <b>Tg(Trp53A135V)3Tgd</b>","Lung","10706103",70,""
119,"A138V","50001990","(FVBAF1) <b>Tg(Trp53A135V)3Tgd</b>","Lung","10706103",70,""
120,"A138V","50001991","(FVBAF1) <b>Tg(Trp53A135V)3Tgd</b>","Lung","10706103",70,""
121,"A138V","50001992","(FVBAF1) <b>Tg(Trp53A135V)3Tgd</b>","Lung","10706103",70,""
122,"A138V","50001993","(FVBAF1) <b>Tg(Trp53A135V)3Tgd</b>","Lung","10706103",70,""
123,"A138V","50001994","(FVBAF1) <b>Tg(Trp53A135V)3Tgd</b>","Lung","10706103",70,""
124,"NA","50002015","[not specified] <b>Tg(MMTV-cre)4Mam Brca1<sup>tm1Cxd</sup>/Brca1<sup>tm2Cxd</sup> Trp53<sup>tm1Brd</sup>/+</b>","Mammary gland","10319859",81,""
125,"NA","50002016","[not specified] <b>Tg(MMTV-cre)4Mam Brca1<sup>tm1Cxd</sup>/+ Trp53<sup>tm1Brd</sup>/+</b>","Mammary gland","10319859",81,""
126,"NA","50002017","[not specified] <b>Tg(MMTV-cre)4Mam Brca1<sup>tm2Cxd</sup>/+ Trp53<sup>tm1Brd</sup>/+</b>","Mammary gland","10319859",81,""
127,"NA","50002018","[not specified] <b>Brca1<sup>tm1Cxd</sup>/Brca1<sup>tm2Cxd</sup> Trp53<sup>tm1Brd</sup>/+</b>","Mammary gland","10319859",81,""
128,"NA","50002019","[not specified] <b>Trp53<sup>tm1Brd</sup>/+</b>","Mammary gland","10319859",81,""
129,"NA","50002051","(FVB; 129S) <b>Tg(C3-1-TAg)cJeg Trp53<sup>tm1Tyj</sup>/+</b>","Mammary gland","9364206",93,""
130,"NA","50002052","(FVB; 129S) <b>Tg(C3-1-TAg)cJeg Trp53<sup>tm1Tyj</sup></b>","Leukocyte, Mammary gland","9364206",93,""
131,"NA","50002053","(FVB; 129S) <b>Trp53<sup>tm1Tyj</sup></b>","Leukocyte","9364206",93,""
132,"NA","50002057","(B6; 129) <b>Lig4<sup>tm1Fwa</sup> Trp53<sup>tm1Brd</sup></b>","Leukocyte - Lymphocyte - Pro-B-lymphocyte","10911993",64,""
133,"NA","50002058","(B6; 129) <b>Lig4<sup>tm1Fwa</sup> Trp53<sup>tm1Brd</sup>/+</b>","Leukocyte - Lymphocyte","10911993",64,""
134,"NA","50002061","[not specified] <b>Trp53<sup>tm1Brd</sup> Xrcc5<sup>tm1Gcl</sup></b>","Leukocyte - Lymphocyte - Pro-B-lymphocyte","10761921",67,""
135,"NA","50002085","(STOCK) <b>Trp53<sup>tm1Sia</sup>/+</b>","NA","NA",113,""
136,"NA","50002086","(STOCK) <b>Tg(BCR/ABL1)5Hhi Trp53<sup>tm1Sia</sup>/+</b>","Leukocyte","10666183",72,""
137,"NA","50002153","(B6; 129) <b>Trp53<sup>tm1Tyj</sup></b>","Bone, Lung, Pancreas - Islet of Langerhans, Adipose tissue, Blood vessel, Leukocyte, Intestine, Stomach, Mesodermal cell/mesoblast, Skin - Epidermis - Hair matrix cell, Ear, Liver, Pancreas, Connective tissue - Fibroblast, Mammary gland, Intestine - Small Intestine, CNS - Brain - Ependym","11696456",46,""
138,"NA","50002154","(B6; 129) <b>Thbs1<sup>tm1Hyn</sup> Trp53<sup>tm1Tyj</sup></b>","Bone, Lung, Pancreas - Islet of Langerhans, Adipose tissue, Blood vessel, Intestine, Stomach, Mesodermal cell/mesoblast, Skin - Epidermis - Hair matrix cell, Ear, Liver, Pancreas, Leukocyte, Connective tissue - Fibroblast, Mammary gland, CNS - Brain - Ependyma","11696456",46,""
139,"NA","50002155","(B6; 129) <b>Trp53<sup>tm1Tyj</sup>/+</b>","Adipose tissue, Blood vessel, Bone, CNS - Brain - Ependyma, Connective tissue - Fibroblast, Ear, Intestine, Leukocyte, Liver, Lung, Mammary gland, Mesodermal cell/mesoblast, Pancreas, Skin - Epidermis - Hair matrix cell, Stomach","11696456",46,""
140,"NA","50002156","(B6; 129) <b>Thbs1<sup>tm1Hyn</sup> Trp53<sup>tm1Tyj</sup>/+</b>","Adipose tissue, Blood vessel, Bone, CNS - Brain - Ependyma, Connective tissue - Fibroblast, Ear, Intestine, Leukocyte, Liver, Lung, Mammary gland, Mesodermal cell/mesoblast, Pancreas, Skin - Epidermis - Hair matrix cell, Stomach","11696456",46,""
141,"NA","50002160","(Black Swiss; 129S) <b>Trp53<sup>tm1Brd</sup></b>","Blood vessel, Bone - Jaw, Heart, Intestine - Large Intestine - Rectum, Leukocyte, Mouth, Ovary - Germ cell, Salivary gland, Thymus","11280729",56,""
142,"NA","50002161","(Black Swiss; 129S) <b>Trp53<sup>tm1Brd</sup> Wrn<sup>tm1Led</sup></b>","Blood vessel, Bone - Jaw, Heart, Intestine - Large Intestine - Rectum, Leukocyte, Mouth, Ovary - Germ cell, Salivary gland, Thymus","11280729",56,""
143,"NA","50002220","(C; 129S2(B6)) <b>Trp53<sup>tm1Tyj</sup></b>","Blood vessel, Mesodermal cell/mesoblast, Leukocyte, Mammary gland","11106587",60,""
144,"NA","50002221","(C.129S2(B6)) <b>Trp53<sup>tm1Tyj</sup>/J</b>","Lymph node, Liver, Adrenal gland - Cortex","NA",113,""
145,"NA","50002222","(C; 129S2(B6)) <b>Trp53<sup>tm1Tyj</sup>/+</b>","Bone, Blood vessel, Mesodermal cell/mesoblast, Prepuce, Leukocyte, Mammary gland, Salivary gland","11106587",60,""
146,"NA","50002243","(STOCK) <b>Brca1<sup>tm2Arge</sup> Trp53<sup>tm1Tyj</sup></b>","Blood vessel, Leukocyte - Lymphocyte","11358863",51,""
147,"NA","50002244","(STOCK) <b>Brca1<sup>tm2Arge</sup> Trp53<sup>tm1Tyj</sup>/+</b>","Mammary gland, Leukocyte - Lymphocyte","11358863",51,""
148,"NA","50002285","(FVB; 129P2) <b>Trp53<sup>tm1.1Brn</sup> Tg(CMV-cre)1Cgn</b>","Bone, Lung, Skin, Thymus, Blood vessel, Leukocyte - Monocyte - Macrophage - Histiocyte, Connective tissue - Fibroblast, Mammary gland","11694875",47,""
149,"NA","50002286","(FVB; 129P2) <b>Trp53<sup>tm1.1Brn</sup>/+ Tg(CMV-cre)1Cgn</b>","Bone, Lung, Skin, Thymus, Blood vessel, Leukocyte - Monocyte - Macrophage - Histiocyte, Connective tissue - Fibroblast, Mammary gland","11694875",47,""
150,"NA","50002287","(FVB; 129P2) <b>Trp53<sup>tm1Brn</sup></b>","NA","11694875",47,""
151,"NA","50002289","(FVB; 129P2) <b>Brca2<sup>tm1Brn</sup> Trp53<sup>tm1Brn</sup> Tg(KRT14-cre)1Brn</b>","Skin, Leukocyte, Mammary gland","11694875",47,""
152,"NA","50002290","(B6; 129S7) <b>Rb1<sup>tm1Brd</sup>/+ Trp53<sup>tm1Brd</sup>/+</b>","Bone, Pancreas - Islet of Langerhans, Pancreas - Islet of Langerhans, Parathyroid gland, Thyroid gland - medulla, Leukocyte, Muscle - Striated - Skeletal, Pituitary gland","7867001",105,""
153,"NA","50002291","(B6; 129S7) <b>Rb1<sup>tm1Brd</sup>/+ Trp53<sup>tm1Brd</sup></b>","Bone, Pancreas - Islet of Langerhans, Pineal gland, Blood vessel, CNS - Meninges, Mesodermal cell/mesoblast, Parathyroid gland, Thyroid gland - medulla, Leukocyte, Pituitary gland","7867001",105,""
154,"NA","50002292","(FVB; 129P2) <b>Brca2<sup>tm1Brn</sup>/+ Trp53<sup>tm1Brn</sup> Tg(KRT14-cre)1Brn</b>","Skin, Leukocyte - Monocyte - Macrophage - Histiocyte, Mammary gland","11694875",47,""
155,"NA","50002293","(FVB; 129P2) <b>Brca2<sup>tm1Brn</sup> Trp53<sup>tm1Brn</sup>/+ Tg(KRT14-cre)1Brn</b>","Skin, Leukocyte, Mammary gland","11694875",47,""
156,"NA","50002296","(STOCK) <b>Tg(MtTGFA)42Lmb Trp53<sup>tm1Tyj</sup>/+</b>","Pancreas","11756558",44,""
157,"NA","50002297","(STOCK) <b>Tg(MtTGFA)42Lmb Cdkn2a<sup>tm1Rdp</sup>/+ Trp53<sup>tm1Tyj</sup>/+</b>","Pancreas","11756558",44,""
158,"NA","50002298","(STOCK) <b>Tg(MtTGFA)42Lmb Trp53<sup>tm1Tyj</sup></b>","Pancreas","11756558",44,""
159,"NA","50002299","(STOCK) <b>Tg(MtTGFA)42Lmb Cdkn2a<sup>tm1Rdp</sup>/+ Trp53<sup>tm1Tyj</sup></b>","Pancreas","11756558",44,""
160,"NA","50002300","(STOCK) <b>Tg(MtTGFA)42Lmb Cdkn2a<sup>tm1Rdp</sup> Trp53<sup>tm1Tyj</sup></b>","Pancreas","11756558",44,""
161,"NA","50002302","(STOCK) <b>Tg(MtTGFA)100Lmb Trp53<sup>tm1Tyj</sup>/+</b>","Pancreas","11756558",44,""
162,"NA","50002305","(STOCK) <b>Trp53<sup>tm1Tyj</sup></b>","Pancreas","11756558",44,""
163,"NA","50002306","(STOCK) <b>Cdkn2a<sup>tm1Rdp</sup>/+ Trp53<sup>tm1Tyj</sup>/+</b>","Pancreas","11756558",44,""
164,"NA","50002312","[not specified] <b>Tg(Gfap-Cre)2Brn Rb1<sup>tm2Brn</sup> Trp53<sup>tm1Brd</sup>/+</b>","Mesodermal cell/mesoblast, CNS - Brain - Cerebellum, Leukocyte - Lymphocyte","10783170",66,""
165,"NA","50002313","[not specified] <b>Tg(Gfap-Cre)2Brn Rb1<sup>tm2Brn</sup>/+ Trp53<sup>tm1Brd</sup><b>","CNS - Brain - Cerebellum","10783170",66,""
166,"NA","50002314","[not specified] <b>Tg(Gfap-Cre)2Brn Rb1<sup>tm2Brn</sup> Trp53<sup>tm1Brd</sup></b>","CNS - Brain - Cerebellum","10783170",66,""
167,"NA","50002315","[not specified] <b>Tg(Gfap-Cre)2Brn Rb1<sup>tm2Brn</sup>/+ Trp53<sup>tm1Brd</sup>/+</b>","CNS - Brain - Cerebellum","10783170",66,""
168,"NA","50002316","[not specified] <b>Tg(Gfap-Cre)2Brn Trp53<sup>tm1Brn</sup></b>","CNS - Brain - Cerebellum","10783170",66,""
169,"NA","50002317","[not specified] <b>Tg(Gfap-Cre)2Brn Rb1<sup>tm2Brn</sup> Trp53<sup>tm1Brn</sup>/+</b>","CNS - Brain - Cerebellum","10783170",66,""
170,"NA","50002318","[not specified] <b>Tg(Gfap-Cre)2Brn Rb1<sup>tm2Brn</sup>/+ Trp53<sup>tm1Brn</sup></b>","CNS - Brain - Cerebellum","10783170",66,""
171,"NA","50002320","[not specified] <b>Tg(Gfap-Cre)2Brn Rb1<sup>tm2Brn</sup> Trp53<sup>tm1Brn</sup></b>","CNS - Brain - Cerebellum","10783170",66,""
172,"NA","50002321","[not specified] <b>Tg(Gfap-Cre)2Brn Rb1<sup>tm2Brn</sup>/+ Trp53<sup>tm1Brn</sup>/+</b>","CNS - Brain - Cerebellum","10783170",66,""
173,"NA","50002322","[not specified] <b>Trp53<sup>tm1Brn</sup></b>","CNS - Brain - Cerebellum","10783170",66,""
174,"NA","50002355","[not specified] <b>Cdk4<sup>tm1.1Bbd</sup> Trp53<sup>tm1Tyj</sup></b>","Spleen, Germ cell (sex not specified), Blood vessel, Testis - Germ cell, Mesodermal cell/mesoblast, Leukocyte, Muscle - Smooth","11726500",45,""
175,"NA","50002356","[not specified] <b>Cdk4<sup>tm1.1Bbd</sup>/+ Trp53<sup>tm1Tyj</sup></b>","Germ cell (sex not specified), Mesodermal cell/mesoblast, Leukocyte","11726500",45,""
176,"NA","50002357","[not specified] <b>Trp53<sup>tm1Tyj</sup></b>","Germ cell (sex not specified), Mesodermal cell/mesoblast, Leukocyte","11726500",45,""
177,"NA","50002385","(STOCK) <b>Tg(GFAP-TVA)5Hev Trp53<sup>tm1Brd</sup></b>","CNS - Brain","11485986",49,""
178,"NA","50002386","(B6; 129) <b>Xrcc4<sup>tm1Fwa</sup> Trp53<sup>tm1Brd</sup></b>","Leukocyte - Lymphocyte - Pro-B-lymphocyte","12110179",40,""
179,"NA","50002387","(B6; 129) <b>Xrcc4<sup>tm1Fwa</sup> Trp53<sup>tm1Brd</sup> Rag2<sup>tm1Fwa</sup></b>","Leukocyte - Lymphocyte - Pro-B-lymphocyte, CNS - Brain - Undifferentiated cell","12110179",40,""
180,"NA","50002427","(STOCK) <b>Tg(Ela1-Tgfa)150Bri Trp53<sup>tm1Tyj</sup>/+</b>","Mesodermal cell/mesoblast, Pancreas","11159909",59,""
181,"NA","50002428","(STOCK) <b>Tg(Ela1-Tgfa)150Bri Trp53<sup>tm1Tyj</sup></b>","Pancreas","11159909",59,""
182,"NA","50002429","(STOCK) <b>Trp53<sup>tm1Tyj</sup>/+</b>","Mesodermal cell/mesoblast, Leukocyte","11159909",59,""
183,"NA","50002430","(STOCK) <b>Trp53<sup>tm1Tyj</sup></b>","Mesodermal cell/mesoblast, Leukocyte","11159909",59,""
184,"NA","50002455","(STOCK) <b>Tg(GFAP-TAg121)1Tvd Trp53<sup>tm1Tyj</sup>/+</b>","CNS - Brain - Olfactory bulb, CNS - Brain - Astrocyte","12086874",42,""
185,"NA","50002480","(FVB; 129S2(B6)) <b>Trp53<sup>tm1Tyj</sup>/J</b>","Blood vessel","NA",113,""
186,"NA","50002495","(B6; 129S2) <b>Trp53<sup>tm1Tyj</sup>/J</b>","Thymus, Forestomach, Esophagus, Leukocyte, Forestomach - Squamocolumnar junction with the glandular stomach, Esophagus - Glandular","12517797",31,""
187,"NA","50002496","(B6; 129S2) <b>Trp53<sup>tm1Tyj</sup>/J</b>","Thymus, Forestomach, Esophagus, Liver, Leukocyte, Forestomach - Squamocolumnar junction with the glandular stomach","12517797",31,""
188,"NA","50002497","(STOCK) <b>Brca1<sup>tm2.1Cxd</sup>/+ Trp53<sup>tm1Brd</sup>/+</b>","NA","11431698",50,""
189,"NA","50002498","(STOCK) <b>Brca1<sup>tm2.1Cxd</sup> Trp53<sup>tm1Brd</sup>/+</b>","Bone, CNS - Brain, Lung, Spleen, Thymus, Liver, Mammary gland, Ovary, Leukocyte - Lymphocyte","12533509",30,""
190,"NA","50002499","(STOCK) <b>Trp53<sup>tm1Brd</sup>/+</b>","Mammary gland","12533509",30,""
191,"NA","50002504","(STOCK) <b>Trp53<sup>tm1Brd</sup>/+</b>","Adipose tissue, Blood vessel, Bone, CNS - Meninges, Connective tissue - Fibroblast, Germ cell (sex not specified), Leukocyte, Lung, Mesodermal cell/mesoblast, Muscle - Smooth, Muscle - Striated - Skeletal, Pancreas - Islet of Langerhans, Skin gland - Perianal gland","7773294",106,""
192,"NA","50002505","(STOCK) <b>Trp53<sup>tm1Brd</sup></b>","Bone, Lung, Germ cell (sex not specified), Mesodermal cell/mesoblast, Leukocyte, Muscle - Striated - Skeletal","7773294",106,""
193,"A138V","50002506","(STOCK) <b>Tg(Trp53A135V)L3Ber</b>","Lung, Leukocyte, Muscle - Striated - Skeletal, CNS - Brain - Astrocyte","7773294",106,""
194,"A138V","50002507","(STOCK) <b>Tg(Trp53A135V)L3Ber Trp53<sup>tm1Brd</sup>/+</b>","Bone, Lung, Eye, Blood vessel, Intestine, Mesodermal cell/mesoblast, Leukocyte, Muscle - Striated - Skeletal, Muscle - Smooth, Mammary gland","7773294",106,""
195,"A138V","50002508","(STOCK) <b>Tg(Trp53A135V)L3Ber Trp53<sup>tm1Brd</sup></b>","Blood vessel, Leukocyte, Muscle - Striated - Skeletal","7773294",106,""
196,"NA","50002532","(B6; 129) <b>Parp1<sup>tm1Zqw</sup> Trp53<sup>tm1Brd</sup></b>","Blood vessel, CNS - Brain, CNS - Brain - Cerebellum, CNS - Brain - Cerebrum/cortex, Leukocyte","12507917",32,""
197,"NA","50002563","(B6; 129) <b>H2afx<sup>tm1Fwa</sup>/+ Trp53<sup>tm1Brd</sup></b>","Thymus, Thymus, Testis - Germ cell, Intestine - Large Intestine - Colon, Mesodermal cell/mesoblast, Leukocyte - Lymphocyte - B-lymphocyte","12914700",24,""
198,"NA","50002564","(B6; 129) <b>H2afx<sup>tm1Fwa</sup> Trp53<sup>tm1Brd</sup></b>","Thymus, Testis - Germ cell, Intestine - Large Intestine - Colon, Mesodermal cell/mesoblast, Leukocyte - Lymphocyte - B-lymphocyte, Leukocyte - Lymphocyte - Pro-B-lymphocyte","12914700",24,""
199,"NA","50002568","(B6; 129) <b>Trp53<sup>tm1Brd</sup></b>","CNS - Brain","12507917",32,""
200,"NA","50002583","(B6; 129) <b>Cdkn2c<sup>tm1Bbd</sup> Cdkn2d<sup>tm1Maro</sup> Trp53<sup>tm1Tyj</sup></b>","CNS - Brain, Pituitary gland - pars intermedia, Blood vessel, Leukocyte - Lymphocyte","14500377",23,""
201,"NA","50002586","(B6; 129) <b>Cdkn2c<sup>tm1Bbd</sup>/+ Cdkn2d<sup>tm1Maro</sup> Trp53<sup>tm1Tyj</sup></b>","CNS - Brain, Pituitary gland - pars intermedia, Blood vessel, CNS - Brain - Brain Stem, Leukocyte - Lymphocyte","14500377",23,""
202,"NA","50002587","(B6; 129) <b>Cdkn2d<sup>tm1Maro</sup> Trp53<sup>tm1Tyj</sup></b>","CNS - Brain, Blood vessel, CNS - Brain - Cerebrum/cortex, Pituitary gland, Leukocyte - Lymphocyte","14500377",23,""
203,"NA","50002588","(B6; 129) <b>Cdkn2c<sup>tm1Bbd</sup> Cdkn2d<sup>tm1Maro</sup>/+ Trp53<sup>tm1Tyj</sup></b>","Pituitary gland - pars intermedia, Blood vessel, CNS - Brain, CNS - Brain - Olfactory bulb, CNS - Brain - Brain Stem, CNS - Brain - Cerebellum, Leukocyte - Lymphocyte","14500377",23,""
204,"NA","50002589","(B6; 129) <b>Cdkn2c<sup>tm1Bbd</sup>/+ Cdkn2d<sup>tm1Maro</sup>/+ Trp53<sup>tm1Tyj</sup></b>","CNS - Brain, Blood vessel, CNS - Brain - Thalamus - Periventricular zone, CNS - Brain - Cerebellum, Pituitary gland, Leukocyte - Lymphocyte","14500377",23,""
205,"NA","50002590","(B6; 129) <b>Cdkn2c<sup>tm1Bbd</sup> Trp53<sup>tm1Tyj</sup></b>","CNS - Brain, Thymus, Pituitary gland - pars intermedia, Blood vessel, CNS - Brain - Cerebellum, Leukocyte - Lymphocyte, Testis - Leydig cell (Interstitial cell)","14500377",23,""
206,"NA","50002591","(B6; 129) <b>Cdkn2c<sup>tm1Bbd</sup>/+ Trp53<sup>tm1Tyj</sup></b>","CNS - Brain, Thymus, Blood vessel, Pituitary gland, Leukocyte - Lymphocyte","14500377",23,""
207,"NA","50002592","(B6; 129) <b>Trp53<sup>tm1Tyj</sup></b>","CNS - Brain, Thymus, Blood vessel, Testis - Germ cell, CNS - Brain - Brain Stem, Pituitary gland, Leukocyte - Lymphocyte","14500377",23,""
208,"NA","50002599","(B6; 129) <b>Rb1<sup>tm1Tyj</sup>/+ Trp53<sup>tm1Tyj</sup></b>","Lung - Bronchiole, Pancreas - Islet of Langerhans, Pineal gland, Pituitary gland","12486224",33,""
209,"NA","50002612","(B6; 129) <b>Trp53<sup>tm1Brd</sup></b>","Thymus, Testis - Germ cell, Intestine - Large Intestine - Colon, Mesodermal cell/mesoblast, Leukocyte - Lymphocyte - B-lymphocyte","12914700",24,""
210,"NA","50002616","(STOCK) <b>Apc<sup>Min</sup>/+ Trp53<sup>tm1Mlh</sup></b>","Intestine, Pancreas - Acinar cell","10602475",75,""
211,"NA","50002642","(STOCK) <b>Trp53<sup>tm1Mlh</sup> Wt1<sup>tm1Jae</sup>/+</b>","Bone, Thymus, Thymus, Blood vessel, Intestine, Mesodermal cell/mesoblast, Kidney - Cortex - Renal tubule, Leukocyte","12438257",34,""
212,"NA","50002643","(STOCK) <b>Trp53<sup>tm1Mlh</sup></b>","Bone, Thymus, Thymus, Blood vessel, Intestine, Mesodermal cell/mesoblast, Kidney - Cortex - Renal tubule, Leukocyte","12438257",34,""
213,"NA","50002644","(STOCK) <b>Trp53<sup>tm1Mlh</sup>/+</b>","Mesodermal cell/mesoblast, Kidney - Cortex - Renal tubule","12438257",34,""
214,"NA","50002645","(STOCK) <b>Trp53<sup>tm1Mlh</sup>/+ Wt1<sup>tm1Jae</sup>/+</b>","Mesodermal cell/mesoblast, Kidney - Cortex - Renal tubule","12438257",34,""
215,"NA","50002647","(STOCK) <b>Msh2<sup>tm1Htr</sup> Trp53<sup>tm1Mlh</sup></b>","Thymus","12214270",38,""
216,"NA","50002648","(STOCK) <b>Msh2<sup>tm1Htr</sup>/+ Trp53<sup>tm1Mlh</sup></b>","Thymus, Intestine - Large Intestine - Cecum, Mesodermal cell/mesoblast","12214270",38,""
217,"NA","50002649","(STOCK) <b>Msh2<sup>tm1Htr</sup> Trp53<sup>tm1Mlh</sup>/+</b>","Thymus, Intestine","12214270",38,""
218,"NA","50002650","(STOCK) <b>Trp53<sup>tm1Mlh</sup></b>","Thymus","12214270",38,""
219,"NA","50002652","(STOCK) <b>Trp53<sup>tm1Tyj</sup>/+</b>","Bone, Skin, Leukocyte, Mammary gland, Intestine - Large Intestine","12204535",39,""
220,"NA","50002656","(B6; 129) <b>Cdkn2a<sup>tm1Cjs</sup> Trp53<sup>tm1Brd</sup></b>","Bone, Mesodermal cell/mesoblast, Leukocyte","14586409",19,""
221,"NA","50002657","(B6; 129) <b>Cdkn2a<sup>tm1Cjs</sup> Trp53<sup>tm1Brd</sup>/+</b>","Bone, Mesodermal cell/mesoblast, Leukocyte, CNS - Brain - Astrocyte","14586409",19,""
222,"NA","50002658","(B6; 129) <b>Trp53<sup>tm1Brd</sup></b>","Bone, Mesodermal cell/mesoblast, Leukocyte","14586409",19,""
223,"NA","50002659","(B6; 129) <b>Trp53<sup>tm1Brd</sup>/+</b>","Bone, Mesodermal cell/mesoblast, Leukocyte","14586409",19,""
224,"NA","50002661","(B6; 129) <b>Cdkn2a<sup>tm1Cjs</sup>/+ Trp53<sup>tm1Brd</sup></b>","Bone, Mesodermal cell/mesoblast, Leukocyte","14586409",19,""
225,"NA","50002662","(B6; 129) <b>Cdkn2a<sup>tm1Cjs</sup>/+ Trp53<sup>tm1Brd</sup>/+</b>","Bone, Mesodermal cell/mesoblast, Leukocyte","14586409",19,""
226,"NA","50002666","[not specified] <b>Trp53<sup>tm1Brn</sup>/+</b>","Lung","14522252",20,""
227,"NA","50002667","[not specified] <b>Rb1<sup>tm2Brn</sup> Trp53<sup>tm1Brn</sup>/+</b>","Lung, Thyroid gland - medulla","14522252",20,""
228,"NA","50002668","[not specified] <b>Rb1<sup>tm2Brn</sup>/+ Trp53<sup>tm1Brn</sup></b>","Lung","14522252",20,""
229,"NA","50002669","[not specified] <b>Rb1<sup>tm2Brn</sup> Trp53<sup>tm1Brn</sup></b>","Lung","14522252",20,""
230,"NA","50002701","(STOCK) <b>Trp53<sup>tm1Tyj</sup></b>","Leukocyte","14627978",18,""
231,"NA","50002702","(STOCK) <b>Trp53<sup>tm1Tyj</sup>/+</b>","Leukocyte","14627978",18,""
232,"NA","50002703","(B6; 129) <b>Trp53<sup>tm1Tyj</sup>/+</b>","Thymus","14627978",18,""
233,"NA","50002704","(B6; 129) <b>Trp53<sup>tm1Tyj</sup></b>","Thymus","14627978",18,""
234,"NA","50002705","(B6; 129) <b>Trp53<sup>tm1Tyj</sup></b>","Leukocyte","14627978",18,""
235,"NA","50002706","(B6; 129) <b>Trp53<sup>tm1Tyj</sup>/+</b>","Leukocyte","14627978",18,""
236,"NA","50002707","(B6; 129) <b>Pten<sup>tm1Ppp</sup>/+ Trp53<sup>tm1Tyj</sup>/+</b>","Leukocyte","14627978",18,""
237,"NA","50002733","(B6; 129S7) <b>Trp53<sup>tm1Glo</sup></b>","Thymus","10760284",68,""
238,"NA","50002734","(B6; 129S7) <b>Trp53<sup>tm1Glo</sup>/+</b>","Bone, Lung, Pancreas - Islet of Langerhans, Adipose tissue, Blood vessel, Connective tissue - Fibroblast, Liver - Hepatocyte","10760284",68,""
239,"NA","50002760","(B6; 129S7) <b>Trp53<sup>tm1Ldo</sup>/+</b>","Bone, Lung, Mesodermal cell/mesoblast, Leukocyte, Mammary gland","11780111",43,"Also known as p53+/m mice; updated with PubMed ID 17996864"
240,"NA","50002761","(B6; 129S7) <b>Trp53<sup>tm1Brd</sup>/Trp53<sup>tm1Ldo</sup></b>","Mesodermal cell/mesoblast, Leukocyte, Leukocyte - Lymphocyte - T-lymphocyte","11780111",43,""
241,"NA","50002788","[not specified] <b>Trp53<sup>tm1Brn</sup></b>","Lung","14522252",20,""
242,"NA","50002794","(B6; 129S2) <b>Trp53<sup>tm1Tyj</sup>/J</b>","Forestomach, Esophagus, Forestomach - Squamocolumnar junction with the glandular stomach","12517797",31,""
243,"NA","50002795","(B6; 129S2) <b>Trp53<sup>tm1Tyj</sup>/J</b>","Thymus, Forestomach, Esophagus, Subcutis, CNS - Brain - Cerebellum, Muscle - Striated - Skeletal","12517797",31,""
244,"NA","50002807","[not specified] <b>Tg(S100b-v-erbB)4496Waw Trp53<sup>tm1Brd</sup>/+</b>","CNS - Brain - Glial cell","12670909",29,""
245,"NA","50002821","(B6; Cg) <b>Apc<sup>Min</sup>/+ Trp53<sup>tm1Brd</sup></b>","Intestine - Large Intestine - Colon, Intestine, Intestine - Small Intestine","10919675",63,""
246,"NA","50002822","(B6; Cg) <b>Apc<sup>Min</sup>/+ Dnmt1<sup>tm1Jae</sup>/+ Trp53<sup>tm1Brd</sup></b>","Intestine - Large Intestine - Colon, Intestine, Intestine - Small Intestine","10919675",63,""
247,"NA","50002838","(B6; 129) <b>Tcrb<sup>tm1Mom</sup> Trp53<sup>tm1Brd</sup></b>","Intestine - Large Intestine - Colon, Intestine - Large Intestine - Cecum, Intestine - Small Intestine","11326422",52,""
248,"NA","50002850","[not specified];129 <b>Brca1<sup>tm1Bhk</sup>/+ Trp53<sup>tm1Tyj</sup></b>","Leukocyte","11358863",51,""
249,"NA","50002859","[not specified] <b>Trp53<sup>tm1Brd</sup></b>","Thymus","10761921",67,""
250,"NA","50002861","(B6; 129) <b>Tcrb<sup>tm1Mom</sup> Trp53<sup>tm1Brd</sup></b>","Intestine - Large Intestine","11326422",52,""
251,"NA","50002885","(STOCK) <b>Tcrb<sup>tm1Mom</sup> Trp53<sup>tm1Brd</sup></b>","Intestine - Large Intestine - Rectum, Intestine - Large Intestine - Colon - Distal, Intestine - Large Intestine - Colon - Medial, Intestine - Large Intestine - Colon - Proximal, Intestine - Large Intestine - Cecum, Intestine - Ileocecal Junction, Leukocyte","11289103",55,""
252,"NA","50002886","(STOCK) <b>Tcrb<sup>tm1Mom</sup> Trp53<sup>tm1Brd</sup></b>","Intestine - Large Intestine - Rectum, Intestine - Large Intestine - Colon - Distal, Intestine - Large Intestine - Colon - Medial, Intestine - Ileocecal Junction, Leukocyte","11289103",55,""
253,"NA","50003032","[not specified] <b>Trp53<sup>tm1Brd</sup></b>","Intestine - Large Intestine","12743811",27,""
254,"NA","50003033","[not specified] <b>Trp53<sup>tm1Brd</sup></b>","Mesodermal cell/mesoblast, Leukocyte, Intestine - Large Intestine","12743811",27,""
255,"NA","50003034","[not specified] <b>Trp53<sup>tm1Brd</sup>/+</b>","Abdominal cavity, Intestine - Large Intestine","12743811",27,""
256,"NA","50003035","[not specified] <b>Trp53<sup>tm1Brd</sup>/+</b>","Abdominal cavity, Intestine - Large Intestine","12743811",27,""
257,"NA","50003124","(C3Ou; 129S2(B6)) <b>Trp53<sup>tm1Tyj</sup>/J</b>","Thymus","NA",113,""
258,"NA","50003135","(B6; 129) <b>Trp53<sup>tm1.1Mok</sup></b>","Leukocyte","12756225",26,""
259,"NA","50003136","(B6; 129) <b>Tob1<sup>tm1Tya</sup> Trp53<sup>tm1.1Mok</sup></b>","Lung, Spleen, Thymus, Subcutis, Lymph node, Liver, Kidney, Uterus, CNS - Brain - Undifferentiated cell","12756225",26,""
260,"NA","50003150","[not specified] <b>Ptch1<sup>tm1Mps</sup>/+ Trp53<sup>tm1Tyj</sup>/+</b>","Mesodermal cell/mesoblast, CNS - Brain - Cerebellum - Posterior","11212243",58,""
261,"NA","50003151","[not specified] <b>Ptch1<sup>tm1Mps</sup>/+ Trp53<sup>tm1Tyj</sup></b>","Thymus, Germ cell (sex not specified), Mesodermal cell/mesoblast, CNS - Brain - Cerebellum","15380514",11,""
262,"NA","50003152","[not specified] <b>Ptch1<sup>tm1Mps</sup>/+ Trp53<sup>tm1Tyj</sup></b>","Mesodermal cell/mesoblast, CNS - Brain - Cerebellum","11212243",58,""
263,"NA","50003163","(B6; 129) <b>Trp53<sup>tm1Brd</sup>/+</b>","Heart, Lung, Spleen, Thymus, Prostate gland, Forestomach, Subcutis, Abdominal cavity, Liver - Hepatocyte, Liver - Oval cell","10620525",73,""
264,"NA","50003164","(B6; 129) <b>Trp53<sup>tm1Brd</sup>/+</b>","Adipose tissue - Abdominal cavity, Heart, Liver - Hepatocyte, Liver - Oval cell, Lung, Prostate gland, Spleen, Subcutis, Thymus","10620525",73,""
265,"NA","50003165","(B6; 129) <b>Trp53<sup>tm1Brd</sup>/+</b>","Heart, Lung, Spleen, Thymus, Prostate gland, Subcutis, Abdominal cavity, Liver - Oval cell, Liver - Hepatocyte","10620525",73,""
266,"NA","50003167","[not specified] <b>Lig4<sup>tm1Icrf</sup> Trp53<sup>tm1Tyj</sup></b>","Leukocyte - Lymphocyte - Pro-B-lymphocyte, CNS - Brain - Cerebellum","12438222",35,""
267,"NA","50003168","[not specified] <b>Lig4<sup>tm1Icrf</sup> Trp53<sup>tm1Tyj</sup>/+</b>","Leukocyte - Lymphocyte - Pro-B-lymphocyte, CNS - Brain - Cerebellum","12438222",35,""
268,"NA","50003170","[not specified] <b>Ptch1<sup>tm1Mps</sup>/+ Trp53<sup>tm1Tyj</sup></b>","CNS - Brain - Cerebellum","14500378",22,""
269,"NA","50003171","[not specified] <b>Cdkn2d<sup>tm1Maro</sup> Cdkn1b<sup>tm1Mlf</sup>/+ Trp53<sup>tm1Tyj</sup></b>","CNS - Brain - Cerebellum","14500378",22,""
270,"NA","50003174","[not specified] <b>Cdkn1b<sup>tm1Mlf</sup> Trp53<sup>tm1Tyj</sup></b>","CNS - Brain - Cerebellum","14500378",22,""
271,"NA","50003175","[not specified] <b>Cdkn2c<sup>tm1Bbd</sup> Trp53<sup>tm1Tyj</sup></b>","CNS - Brain - Cerebellum","14500378",22,""
272,"NA","50003176","[not specified] <b>Cdkn2d<sup>tm1Maro</sup>/+ Cdkn2c<sup>tm1Bbd</sup> Trp53<sup>tm1Tyj</sup></b>","CNS - Brain - Cerebellum","14500378",22,""
273,"NA","50003193","(STOCK) <b>Trp53<sup>tm1Tyj</sup> Tg(SFTPC-RAF1-BXB)1Urr</b>","Lung","12727849",28,""
274,"NA","50003198","(STOCK) <b>Trp53<sup>tm1Tyj</sup>/+ Tg(SFTPC-RAF1-BXB)1Urr</b>","Lung","12727849",28,""
275,"NA","50003199","[not specified] <b>Trp53<sup>tm1Tyj</sup> Tg(SFTPC-RAF1-BXB)1Urr</b>","Lung, Leukocyte","12727849",28,""
276,"NA","50003201","[not specified] <b>Trp53<sup>tm1Tyj</sup>/+ Tg(SFTPC-RAF1-BXB)1Urr</b>","Lung","12727849",28,""
277,"NA","50003207","[not specified] <b>Trp53<tm1Tyj</sup></b>","Leukocyte","12727849",28,""
278,"NA","50003208","(STOCK) <b>Trp53<sup>tm1Tyj</sup> Tg(SFTPC-RAF1-BXB)1Urr</b>","Lung","12727849",28,""
279,"NA","50003262","(B6; 129) <b>Tnfsf10<sup>tm1Mjs</sup> Trp53<sup>tm1Brd</sup>/+</b>","Mesodermal cell/mesoblast, Liver, Lymphoid tissue","16237043",4,""
280,"NA","50003312","(STOCK) <b>Tg(Ela1-Tgfa)150Bri Trp53<sup>tm1Tyj</sup>/+</b>","Pancreas","14506698",21,""
281,"NA","50003313","(STOCK) <b>Tg(Ela1-Tgfa)150Bri Trp53<sup>tm1Tyj</sup>/+</b>","Pancreas","14506698",21,""
282,"NA","50003316","(STOCK) <b>Trp53<sup>tm1Brd</sup></b>","Leukocyte - Lymphocyte - T-lymphocyte","14647411",17,""
283,"NA","50003318","(STOCK) <b>Cdkn1b<sup>tm1Mlf</sup> Trp53<sup>tm1Brd</sup></b>","Leukocyte - Lymphocyte - T-lymphocyte","14647411",17,""
284,"NA","50003319","(STOCK) <b>Cdkn1b<sup>tm1Mlf</sup>/+ Trp53<sup>tm1Brd</sup></b>","Leukocyte - Lymphocyte - T-lymphocyte","14647411",17,""
285,"NA","50003320","(B6; 129S7) <b>Trp53<sup>tm1Brd</sup></b>","Leukocyte - Lymphocyte - T-lymphocyte","14647411",17,""
286,"NA","50003322","(B6; Cg) <b>Cdkn1b<sup>tm1Mlf</sup> Trp53<sup>tm1Brd</sup></b>","Leukocyte - Lymphocyte - T-lymphocyte","14647411",17,""
287,"NA","50003323","(B6; Cg) <b>Cdkn1b<sup>tm1Mlf</sup>/+ Trp53<sup>tm1Brd</sup></b>","Leukocyte - Lymphocyte - T-lymphocyte","14647411",17,""
288,"NA","50003324","[not specified] <b>Trp53<sup>tm1Brd</sup></b>","Mesodermal cell/mesoblast, Leukocyte - Lymphocyte - T-lymphocyte","14647411",17,""
289,"NA","50003328","[not specified] <b>Cdkn1b<sup>tm1Mlf</sup> Trp53<sup>tm1Brd</sup></b>","Stomach, Mesodermal cell/mesoblast, Testis - Seminiferous tubules - Sertoli cell, Blood vessel - Pericyte, Kidney, Adrenal gland, Leukocyte - Lymphocyte - T-lymphocyte","14647411",17,""
290,"NA","50003329","[not specified] <b>Cdkn1b<sup>tm1Mlf</sup>/+ Trp53<sup>tm1Brd</sup></b>","Neuroblast, Mesodermal cell/mesoblast, Testis - Seminiferous tubules - Sertoli cell, Adrenal gland - Medulla, Leukocyte - Lymphocyte - T-lymphocyte, CNS - Brain - Ependyma, CNS - Brain - Undifferentiated cell","14647411",17,""
291,"NA","50003356","(B6; 129S4) <b>Trp53<sup>tm4Tyj</sup></b>","Blood vessel, Leukocyte - Lymphocyte - B-lymphocyte, Leukocyte - Monocyte - Macrophage - Histiocyte, Liver, Lung, Skin - Epidermis - Hair matrix cell, Spleen, Thymus","15343266",12,""
292,"NA","50003617","(B6; 129S2) <b>Trp53<sup>tm1Tyj</sup>/+</b>","Blood vessel, Bone, CNS - Brain - Ependyma, Connective tissue - Fibroblast, Eye - Retina, Leukocyte, Liver, Lung, Mesodermal cell/mesoblast, Muscle, Pancreas - Islet of Langerhans, Pineal gland, Pituitary gland, Skin - Epidermis - Hair matrix cell, Thyroid gland","7922305",109,""
293,"NA","50003618","(B6; 129S2) <b>Trp53<sup>tm1Tyj</sup></b>","Bone, Thymus, Germ cell (sex not specified), Lung - Bronchiole, Urethra - Gland, Pancreas - Islet of Langerhans, Pineal gland, Blood vessel, Mesodermal cell/mesoblast, Thyroid gland, Leukocyte, Muscle - Striated - Skeletal, Pituitary gland, Eye - Retina","7922305",109,""
294,"NA","50003621","(B6; 129S2) <b>Rb1<sup>tm1Tyj</sup>/+ Trp53<sup>tm1Tyj</sup>/+</b>","Bone, Pituitary gland - pars intermedia, Lung - Bronchiole, Pancreas - Islet of Langerhans, Pineal gland, Thyroid gland - medulla, Leukocyte, Eye - Retina, Muscle - Smooth","7951317",108,""
295,"NA","50003622","(B6; 129S2) <b>Rb1<sup>tm1Tyj</sup>/+ Trp53<sup>tm1Tyj</sup></b>","Pituitary gland - pars intermedia, Lung - Bronchiole, Urethra - Gland, Pancreas - Islet of Langerhans, Pineal gland, Blood vessel, Mesodermal cell/mesoblast, Thyroid gland - medulla, Leukocyte, Eye - Retina","7951317",108,""
296,"NA","50003919","(B6; 129S7) <b>Trp53<sup>tm1Brd</sup>/+</b>","Liver","10465341",78,""
297,"NA","50003920","(B6; 129S7) <b>Trp53<sup>tm1Brd</sup>/+</b>","Liver","10465341",78,""
298,"NA","50003921","(B6; 129S7) <b>Trp53<sup>tm1Brd</sup>/+</b>","Lung, Liver","10465341",78,""
299,"NA","50003922","(B6; 129S7) <b>Trp53<sup>tm1Brd</sup>/+</b>","Blood vessel, Bone, Connective tissue - Fibroblast, Eye - Harderian gland, Intestine, Leukocyte, Liver, Lung, Mammary gland, Mesodermal cell/mesoblast, Muscle - Smooth&Striated, Pancreas - Islet of Langerhans, Parathyroid gland, Pituitary gland, PNS - Schwann cell, Preputial gland, Salivary gland, Testis - Germ cell, Thyroid gland","8275085",110,""
300,"NA","50003923","(B6; 129S7) <b>Trp53<sup>tm1Brd</sup></b>","Liver, Leukocyte","8275085",110,""
301,"NA","50003924","(B6; 129S7) <b>Trp53<sup>tm1Brd</sup></b>","Blood vessel, Bone, CNS - Brain - Undifferentiated cell, Leukocyte, Liver, Lung, Mammary gland, Mesodermal cell/mesoblast, Pancreas - Islet of Langerhans, Parathyroid gland, Pituitary gland, PNS - Schwann cell, Testis, Thymus, Thyroid gland - medulla","1552940",111,""
302,"NA","50003926","(129/Sv) <b>Trp53<sup>tm1Brd</sup>/+</b>","Bone, Lung,Testis, Blood vessel, Oviduct, Leukocyte, Muscle - Striated - Skeletal, CNS - Brain - Undifferentiated cell, Salivary gland","7546219",103,""
303,"NA","50003927","(129/Sv) <b>Trp53<sup>tm1Brd</sup></b>","Blood vessel, Bone, CNS - Meninges, Connective tissue - Fibroblast, Heart, Leukocyte, Mammary gland, Muscle - Smooth, Muscle - Striated - Skeletal, Seminal vesicle, Skin, Testis, Testis - Germ cell, Thymus","7546219",103,""
304,"NA","50003950","[not specified] <b>Tg(Th-MYCN)#Waw Trp53<sup>tm1Brd</sup>/+</b>","Neuroblast","9214616",98,""
305,"NA","50003960","[not specified] <b>Tg(Th-MYCN)#Waw Trp53<sup>tm1Brd</sup></b>","Neuroblast","9214616",98,""
306,"NA","50003961","(STOCK) <b>Tg(Wnt1)1Hev Trp53<sup>tm1Brd</sup>/+</b>","Mammary gland","7705663",104,""
307,"NA","50003963","(STOCK) <b>Tg(Wnt1)1Hev Trp53<sup>tm1Brd</sup></b>","Thymus, Mammary gland","7705663",104,""
308,"NA","50003965","(STOCK) <b>Trp53<sup>tm1Brd</sup>/+</b>","Mammary gland","7705663",104,""
309,"NA","50003966","(STOCK) <b>Trp53<sup>tm1Brd</sup></b>","Mammary gland","7705663",104,""
310,"NA","50003974","[not specified] <b>Nf2<sup>tm1Tyj</sup>/+ Trp53<sup>tm1Tyj</sup>/+</b>","Bone, Connective tissue - Fibroblast","9553042",89,""
311,"NA","50003975","[not specified] <b>Nf2<sup>tm1Tyj</sup>/+ Trp53<sup>tm1Tyj</sup>/+</b>","Bone, Connective tissue - Fibroblast","9553042",89,""
312,"NA","50003977","[not specified] <b>Nf2<sup>tm1Tyj</sup>/+ Trp53<sup>tm1Tyj</sup></b>","Bone, Thymus","9553042",89,""
313,"NA","351","<b>p53(-/-)</b>","Intestine - Large Intestine - Colon","15082590",15,""
314,"NA","367","<b>p53<sup>fp/fp</sup> x MMTV-Cre</b>","Leukocyte - Lymphocyte, Mammary Gland","15150107",14,""
315,"NA","404","<b>MMTV-Cre/CBP<sup>flox/flox</sup>,p53&#8722;/&#8722;</b>","Leukocyte - Lymphocyte - T-Lymphocyte","9336464",95,""
316,"NA","443","(FVB x 129/Sv) <b>MMTV-c-myc/p53 KO</b>","Leukocyte (WBC), Mammary Gland","9652742",88,""
317,"NA","452","<b>K14-cre x Brca2 floxed (F11) x Trp53 floxed (F2-10)</b>","Mammary Gland, Skin","11694875",47,""
318,"NA","471","<b>IC<sup>64 or 47</sup>:Rb<sup>F19/F19</sup>;Trp53<sup>+/-</sup></b>","Pineal Gland, Pituitary Gland","12096340",41,""
319,"NA","496","<b>GFAP-Cre x Rb1 floxed (F19) x Trp53 floxed (F2-10) or Trp53 null</b>","CNS - Brain","10783170",66,""
320,"NA","498","Ad-Cre treated <b>Rb1 floxed (F19);Trp53 floxed (F2-10)</b>","Lung","14522252",20,""
321,"NA","552","(129Sv; C57BL/6) <b>cis Nf1+/- p53+/-</b>","Leukocyte (WBC), PNS - Schwann Cell, Soft Tissues","10591653",76,""
322,"NA","553","<b>Nf1+/&#8722; p53-/&#8722;</b>","Leukocyte (WBC)","10591653",76,""
324,"NA","554","<b>trans Nf1+/&#8722; p53+/&#8722;</b>","Leukocyte (WBC), Soft Tissues","10591653",76,""
325,"NA","571","<b>p53–/–NOS2+/+ x  p53+/+NOS2–/–</b>","Leukocyte - Lymphocyte - Immature T-Lymphocyte","15466171",10,""
326,"NA","580","<b>Mut1 (p53&#8722;/&#8722;;NF1flox/flox;hGFAP-cre+)</b>","CNS - Brain - Astrocyte","16098465",5,""
327,"NA","581","<b>Mut3 (cisp53+/&#8722;;NF1+/flox;hGFAP-cre+)</b>","CNS - Brain - Astrocyte","11668683",48,""
328,"NA","10008479","<b>L2D1<sup>+</sup>;p53<sup>+/-</sup></b>","Esophagus, Oral Cavity, Tongue","12235107",37,""
329,"NA","10008871","<b>Pdx1-cre;LSL-Kras<sup>G12D</sup>;p53<sup>lox/+</sup> p16Ink4a<sup>+/-</sup></b>","Pancreas","16585505",3,""
330,"NA","10009291","<b>Pten<sup>pc-/-</sup>;Trp53<sup>pc-/-</sup></b>","Prostate Gland","16079851",6,""
331,"NA","10010960","<b>K5-TVA Brca1<sup>lox/lox</sup> p53<sup>lox/lox</sup></b>","Ovary","16982732",2,""
333,"NA","10011069","<b>K14-cre;Trp53<sup>F/F</sup></b>","Mammary Gland, Skin - Epidermis","11694875",47,""
334,"NA","50050035","<b>K14-cre;Cdh1<sup>F/F</sup>;Trp53<sup>F/F</sup></b>","Mammary Gland, Skin - Epidermis","17097565",130,""
335,"NA","50050079","<b>K14-cre;Cdh1<sup>F/+</sup>;Trp53<sup>F/F</sup></b>","Mammary Gland, Skin - Epidermis","17097565",130,""
336,"NA","50050115","<b>K14-cre;Cdh1<sup>F/F</sup>;Trp53<sup>F/+</sup></b>","Mammary Gland, Skin - Epidermis","17097565",130,""
338,"NA","50050819","<b>p53<sup>LSL/LSL</sup></b> (p53-LSL)","Osteoblast, Peritoneum, Thymus","17251932",1,""
340,"NA","50050916","<b>p53-LSL; R26-Cre-ER<sup>T2</sup></b>","Osteoblast, Peritoneum, Thymus","17251932",1,""
341,"R248W","NA","(BALB/c) <b>WAP-mutp53<sup>R245W</sup></b>","Mammary gland","15870706",126,""
351,"R273H","NA","(BALB/c) <b>WAP-mutp53<sup>R270H</sup></b>","Mammary gland","15870706",126,""
364,"R249S","NA","(C57BL/6) <b>p53ser246/p53<sup>+/+</sup></b>","Liver","9537435",129,""
365,"R249S","NA","(C57BL/6) <b>p53ser246/p53<sup>-/-</sup></b>","Liver","9537435",129,""
366,"NA","NA","(C57BL/6) <b>XRCC2<sup>-/-</sup> p53<sup>-/-</sup></b>","NA","17116431",118,""
368,"NA","NA","(C57BL/6) <b>XRCC2<sup>-/-</sup> p53<sup>+/-</sup></b>","NA","17116431",118,""
369,"NA","NA","(C57BL/6) <b>XRCC2<sup>+/+</sup> p53<sup>-/-</sup></b>","NA","17116431",118,""
370,"NA","NA","(C57BL/6) <b>XRCC2<sup>+/+</sup> p53<sup>+/-</sup></b>","NA","17116431",118,""
371,"NA","NA","(C57BL/6) <b>XRCC2<sup>+/-</sup> p53<sup>+/-</sup></b>","NA","17116431",118,""
373,"NA","NA","(C57BL/6) <b>XRCC2<sup>+/-</sup> p53<sup>-/-</sup></b>","NA","17116431",118,""
374,"NA","NA","(CE/129) <b>F1-Trp53<sup>tm1Tyj</sup>+/-</b>","NA","16586494",123,""
375,"NA","NA","(CE/129) <b>F2-Trp53<sup>tm1Tyj</sup>+/-</b>","Lymphomas, Sarcomas, Carcinomas","16586494",123,""
376,"NA","NA","(CE/129) <b>F2-Trp53<sup>tm1Tyj</sup>-/-</b>","Lymphomas, Sarcomas","16586494",123,""
377,"R175P","NA","(C57BL/6) <b>Trp53<sup>515C/515C</sup></b>","Lymphomas, Sarcomas","14702042",128,""
378,"R175P","NA","(C57BL/6) <b>Trp53<sup>515C/515C</sup>p21-/-</b>","Lymphomas, Sarcomas","17170138",116,""
379,"R175P","NA","(C57BL/6) <b>Trp53<sup>515C/+</sup>p21-/-</b>","Lymphomas, Sarcomas","17170138",116,""
380,"NA","NA","<b>NS<sup>+/-</sup>p53<sup>-/-</sup></b>","NA","17000755",119,""
381,"NA","NA","<b>NS<sup>+/-</sup>p53<sup>LSL/LSL</sup></b>","NA","17000755",119,""
382,"NA","NA","<b>NS<sup>-/-</sup>p53<sup>LSL/-</sup></b>","lethal","17000755",119,""
383,"NA","NA","<b>NS<sup>-/-</sup>p53<sup>-/-</sup></b>","lethal","17000755",119,""
384,"NA","NA","<b>p53<sup>LSL/-</sup>mdm2<sup>+/-</sup>mdm4<sup>+/-</sup></b>","NA","16492744",124,""
385,"NA","NA","<b>p53<sup>LSL/-</sup>mdm2<sup>+/-</sup>mdm4<sup>-/-</sup></b>","NA","16492744",124,""
386,"NA","NA","<b>p53<sup>LSL/-</sup>mdm2<sup>-/-</sup>mdm4<sup>+/-</sup></b>","NA","16492744",124,""
387,"NA","NA","<b>p53<sup>LSL/-</sup>mdm2<sup>-/-</sup>mdm4<sup>-/-</sup></b>","NA","16492744",124,""
388,"NA","NA","<b>DDB1<sup>F/F</sup>p53<sup>-/-</sup></b>","lethal","17129780",117,""
389,"S392A","NA","<b>p53<sup>S389A/S389A</sup></b>","NA","15456863",127,""
390,"K320R","NA","<b>p53<sup>K317R/+</sup></b>","NA","16943427",120,""
391,"K320R","NA","<b>p53<sup>K317R/K317R</sup></b>","NA","16943427",120,""
392,"NA","NA","<b>p53<sup>S18/23A</sup></b>","NA","16757976",122,""
393,"NA","NA","<b>p53<sup>S18/23A/+</sup></b>","NA","16757976",122,""
394,"NA","NA","<b>Xrcc4<sup>-/-</sup>p53<sup>S18/23A/+</sup></b>","Lymphocyte, Thymus","16757976",122,""
395,"NA","NA","(C57BL/6; 129/SvJ) <b>Trp53<sup>KI/KI</sup></b> p53ER<sup>TAM</sup> fusion protein functional only in presence of 4-hydroxytamoxifen","Leukocyte - Lymphocyte","15924142",125,""
396,"R175P","NA","<b>Terc<sup>+/-</sup>p53<sup>R172P/+</sup></b>","NA","17396137",114,""
397,"R175P","NA","<b>Terc<sup>+/-</sup>p53<sup>R172P/R172P</sup></b>","NA","17396137",114,""
398,"R175P","NA","<b>Terc<sup>-/-</sup>p53<sup>R172P/R172P</sup></b>","NA","17396137",114,""
399,"R175P","NA","<b>Terc<sup>-/-</sup>p53<sup>R172P/+</sup></b>","NA","17396137",114,""
400,"NA","NA","<b>Terc<sup>-/-</sup>p53<sup>-/-</sup></b>","NA","17396137",114,""
401,"NA","NA","<b>Terc<sup>-/-</sup>p53<sup>+/-</sup></b>","NA","17396137",114,""
402,"NA","NA","<b>Braf<SUP>CA/+</SUP>/TP53<SUP>lox/lox</SUP></b>","Lung","17299132",115,"Inducible model for the expression of BRAF<sup>V600E</sup> mutant"
403,"NA","NA","(FVB; C57BL/6) <b>mSds3<SUP>+/+</SUP>/p53<SUP>-/-</SUP></b>","NA","16767157",121,""
404,"NA","NA","(FVB; C57BL/6) <b>mSds3<SUP>+/-</SUP>/p53<SUP>-/-</SUP></b>","NA","16767157",121,""
405,"NA","NA","(FVB; C57BL/6) <b>mSds3<SUP>+/+</SUP>/p53<SUP>+/-</SUP></b>","NA","16767157",121,""
406,"NA","NA","(FVB; C57BL/6) <b>mSds3<SUP>+/-</SUP>/p53<SUP>+/-</SUP></b>","NA","16767157",121,""
407,"R273H","NA","(BALB/c) <b>WAP-mutp53<sup>R270H</sup> WAP-T1</b>","Mammary gland","15870706",126,"See also PubMed ID 18092324"
633,"R273H","NA","(FVB/N) <b>SP-C-p53<sup>273H</sup></b>","Lung","12420220",131,"Other name in Mref_ID 216: p53<sup>+/+/TG</sup>"
634,"NA","NA","<b>mTert<sup>-/-</sup> p53<sup>+/-</sup></b>","NA","16651430",132,""
635,"NA","NA","<b>Brca2<sup>-/-</sup> P53<sup>-/-</sup></b>","NA","16325521",133,""
636,"NA","NA","<b>p53<sup>KI/KI</sup></b> Hupki (human p53 knock-in)","None","11313961",134,""
637,"NA","NA","(C57BL/6; 129/Sv; BL/Swiss) <b>Dcn<sup>-/-</sup> P53<sup>-/-</sup></b>","Leukocyte - Lymphocyte","10077642",135,""
638,"NA","NA","(C57BL/6; 129/Sv; BL/Swiss) <b>Dcn<sup>+/-</sup> P53<sup>-/-</sup></b>","Leukocyte - Lymphocyte","10077642",135,""
639,"NA","NA","(C3H/HeN; C57BL/6; CBA) <b>XPA<sup>-/-</sup> P53<sup>-/-</sup></b>","NA","14578172",136,""
640,"NA","NA","(C3H/HeN x C57BL/6;CBA) <b>XPA<sup>-/-</sup> P53<sup>+/-</sup></b>","NA","14578172",136,""
641,"NA","NA","<b>LSL-K-ras<sup>G12D</sup> p53<sup>Flox/+</sup></b>","Lung","16288016",137,""
642,"NA","NA","<b>LSL-K-ras<sup>G12D</sup> p53<sup>Flox/Flox</sup></b>","Lung","16288016",137,""
643,"R175H","NA","<b>LSL-K-ras<sup>G12D</sup> p53<sup>R172H/+</sup></b>","Lung","16288016",137,""
644,"R175H","NA","<b>LSL-K-ras<sup>G12D</sup> p53<sup>R172H/Flox</sup></b>","Lung","16288016",137,""
645,"R273H","NA","<b>LSL-K-ras<sup>G12D</sup> p53<sup>R270H/+</sup></b>","Lung","16288016",137,""
646,"R273H","NA","<b>LSL-K-ras<sup>G12D</sup> p53<sup>R270H/Flox</sup></b>","Lung","16288016",137,""
647,"NA","NA","(C57BL/6) <b>FADD-DN p53<sup>-/-</sup></b>","Spleen, Thymus, Lymph nodes","15382083",138,""
648,"L22Q/W23S","NA","(CE/129) <b>Trp53<sup>QS</sup></b>","Lymphomas, Sarcomas","10973245",139,""
649,"NA","NA","<b>Mdm4<sup>-/-</sup> Trp53<sup>-/-</sup></b>","NA","11528400",140,""
650,"NA","NA","<b>SOD1<sup>G93A</sup>p53<sup>-/-</sup></b>","NA","11011020",141,""
651,"NA","NA","<b>Tax<sup>+</sup> p53<sup>+/-</sup></b>","Lymphomas","11160722",142,""
652,"NA","NA","<b>Tax<sup>+</sup> p53<sup>-/-</sup></b>","Lymphomas, Sarcomas","11160722",142,""
653,"R175H","NA","(C57BL/6) <b>p53 <sup>+/515A</sup></b>","Leukocyte - Lymphocyte, Bone, Blood vessel, Connective and soft tissues","15607981",144,""
654,"R175H","NA","(C57BL/6) <b>p53 <sup>515A/515A</sup></b>","Leukocyte - Lymphocyte, Blood vessel","15607981",144,""
655,"R175H","NA","(C57BL/6) <b>p53 <sup>+/515A</sup> mdm2 <sup>-/-</sup></b>","Lethal","15607981",144,""
656,"R175H","NA","(129S4/SvJae) <b>p53<sup>R172H/+</sup></b>","Bone, Lung, Blood vessel, Kidney, Leukocytes, CNS - Brain","15607980",7,""
657,"R175H","NA","<b>p53<sup>R172H/-</sup></b>","Lung, Intestine - Small Intestine, Intestine - Large Intestine - Colon, Mammary gland, Skin, Liver, Pancreas, Blood vessel, Leukocytes, CNS - Brain","15607980",7,""
658,"R273H","NA","(129S4/SvJae) <b>p53<sup>R270H/+</sup></b>","Bone, Lung, Blood vessel, Kidney, Leukocytes, CNS - Brain, Liver, Intestine","15607980",7,""
659,"R273H","NA","<b>p53<sup>R270H/-</sup></b>","Lung, Intestine - Small Intestine, Intestine - Large Intestine - Colon, Mammary gland, Skin, Liver, Pancreas, Blood vessel, Leukocytes, CNS - Brain","15607980",7,""
660,"R273H","NA","(C57BL/6; 129Sv) <b>p53<sup>R270H/+</sup> WAP-Cre</b>","Mammary gland, Lung, Stomach, Skin, Leukocyte - Lymphocyte","16166291",145,""
661,"R273H","NA","<b>K14-Cre p53<sup>LSL-R270H/+</sup></b>","Skin, Mammary gland","17510390",146,""
662,"R273H","NA","<b>K14-Cre p53<sup>LSL-R270H/F2-10</sup></b>","Skin","17510390",146,""
663,"NA","NA","<b>K14-Cre p53<sup>F2-10/+</sup></b>","Skin","17510390",146,""
664,"NA","NA","<b>K14-Cre p53<sup>F2-10/F2-10</sup></b>","Skin","17510390",146,""
665,"R248W","NA","<b>p53<sup>hR248W/R248W</sup></b>","Thymus, Leukocyte - Lymphocyte, Blood vessel, Connective and soft tissues","17417627",147,""
666,"R273H","NA","<b>p53<sup>hR273H/R273H</sup></b>","NA","17417627",147,""
667,"NA","NA","(C57BL/6; 129/SvJ) <b>Trp53<sup>KI/+</sup></b> p53ER<sup>TAM</sup> fusion protein functional only in presence of 4-hydroxytamoxifen","NA","15924142",125,""
668,"R248W","NA","<b>p53<sup>hR248W/+</sup></b>","None","17417627",147,""
669,"NA","NA","(Balb/c x C57BL/6) <b>p53<sup>+/-</sup> Brca2<sup>+/-</sup></b>","Forestomach, Bone, Mammary gland, Leukocyte - Lymphocyte","16546942",148,""
670,"NA","NA","(Balb/c; C57BL/6) <b>p53<sup>+/-</sup> Brca2<sup>-/-</sup></b>","Stomach, Forestomach, Bone, Mammary gland, Leukocyte - Lymphocyte","16546942",148,""
671,"NA","NA","(C57BL/6; 129Sv) <b>cisNf1+/- p53+/- lacI+</b>","CNS - Brain, PNS - Nerve sheath, Abdominal cavity, Testis, Spleen, Liver","17208258",149,""
673,"NA","NA","(FVB/N) <b>MTB/TWNT p53+/-</b>","Mammary gland","12600942",150,"See also PubMed ID 18060046"
674,"NA","NA","(FVB/N) <b>MTB/TWNT p53-/-</b>","Leukocyte - Lymphocyte","12600942",150,""
675,"NA","NA","<b>p53<sup>f5&6/f5&6</sup> WAP-Cre</b>","NA","17138902",151,""
676,"NA","NA","<b>Brca1<sup>f11/f11</sup> p53<sup>f5&6/f5&6</sup> WAP-Cre</b>","Mammary gland","17138902",151,""
677,"S46A","NA","<b>p53hki<sup>S46A/+</sup></b>","NA","17172844",152,""
678,"S46A","NA","<b>p53hki<sup>S46A/S46A</sup></b>","NA","17172844",152,""
679,"NA","NA","<b>p53(-/-)/lacI</b>","NA","7667322",153,""
680,"NA","NA","<b>p53(+/-)/lacI</b>","NA","7667322",153,""
681,"NA","NA","(C57Bl; 129) <b>rag-1<sup>-/-</sup> Ku80<sup>+/+</sup> p53<sup>-/-</sup></b>","Leukocyte - Lymphocyte, CNS - Brain, Liver, Blood vessel, Pituitary gland","16751807",154,""
682,"NA","NA","(C57Bl; 129) <b>rag-1<sup>-/-</sup> Ku80<sup>+/-</sup> p53<sup>-/-</sup></b>","Leukocyte - Lymphocyte, CNS - Brain, Liver, Blood vessel, Pituitary gland","16751807",154,""
683,"NA","NA","(C57Bl; 129) <b>rag-1<sup>-/-</sup> Ku80<sup>-/-</sup> p53<sup>-/-</sup></b>","Leukocyte - Lymphocyte, CNS - Brain, Liver, Blood vessel, Pituitary gland","16751807",154,""
684,"NA","NA","(C57BL/6 x BALB/C) <b>TgSTAT5A(S711F) p53-/-</b>","Leukocyte (WBC), Lymphoid tissue, Leukocyte - Lymphocyte - B-lymphocyte, Leukocyte - Lymphocyte - T-lymphocyte","16532027",155,""
685,"NA","NA","(C57BL/6 x BALB/C) <b>TgSTAT5A(S711F) p53-/+</b>","Leukocyte - Lymphocyte - B-lymphocyte","16532027",155,""
686,"NA","NA","(FVB/N; 129/Ola x 129/Sv) <b>adCre Nf2<sup>flox2/flox2</sup> p53<sup>+/-</sup></b>","CNS - Meninges, PNS - Nerve sheath, PNS - Schwann cell, Bone, Liver, CNS - Brain","12000789",156,""
687,"NA","NA","(FVB/N; 129/Ola x 129/Sv) <b>adCre Nf2<sup>flox2/flox2</sup> p53<sup>-/-</sup></b>","CNS - Meninges, Bone, Pituitary gland, Liver, CNS - Brain","12000789",156,""
688,"NA","NA","<b>Myf6<sup>ICNm/WT</sup> Pax3<sup>P3Fa/WT</sup> Fkhr<sup>F2-3m/WT</sup> Trp53<sup>F2-10/WT</sup></b>","NA","15489287",157,""
689,"NA","NA","<b>Myf6<sup>ICNm/WT</sup> Pax3<sup>P3Fa/WT</sup> Trp53<sup>F2-10/WT</sup></b>","NA","15489287",157,""
690,"NA","NA","<b>Myf6<sup>ICNm/WT</sup> Pax3<sup>P3Fa/WT</sup> Trp53<sup>F2-10/F2-10</sup></b>","NA","15489287",157,""
691,"NA","NA","<b>Myf6<sup>ICNm/WT</sup> Trp53<sup>F2-10/WT</sup></b>","NA","15489287",157,""
692,"NA","NA","<b>Myf6<sup>ICNm/WT</sup> Trp53<sup>F2-10/F2-10</sup></b>","NA","15489287",157,""
693,"NA","NA","<b>Myf6<sup>ICNm/WT</sup> Pax3<sup>P3Fa/P3Fa</sup> Trp53<sup>F2-10/WT</sup></b>","Connective and soft tissues","15489287",157,""
694,"NA","NA","<b>Myf6<sup>ICNm/WT</sup> Pax3<sup>P3Fa/P3Fa</sup> Trp53<sup>F2-10/F2-10</sup></b>","Connective and soft tissues","15489287",157,""
695,"NA","NA","(C57BL/6; 129Sv) <b>p63<sup>+/-</sup> p53<sup>+/-</sup></b>","NA","16714381",158,""
696,"NA","NA","(C57BL/6; 129Sv) <b>p63<sup>+/-</sup> p53<sup>-/-</sup></b>","NA","16714381",158,""
697,"NA","NA","<b>Trp-53<sup>7KR/7KR</sup></b>","None","16006521",159,""
698,"NA","NA","<b>Trp-53<sup>+/7KR</sup></b>","None","16006521",159,""
702,"NA","NA","<b>p53+/- G93A</b>","CNS - Spinal cord","10964497",160,""
703,"NA","NA","<b>p53-/- G93A</b>","CNS - Spinal cord","10964497",160,""
704,"R175H","NA","(C57BL/6 x 129Sv;C57BL/6) <b>K5-Cre*PR1 LSL-K-ras<sup>G12D</sup> Neo-p53<sup>R172H/WT</sup></b> (K-ras-p53<sup>R172H/WT</sup>) TPA-treated","Skin - Epidermis, Lung, Lymph node","17607363",161,""
705,"NA","NA","(C57BL/6 x 129Sv;C57BL/6 x FVB; 129Sv) <b>K5-Cre*PR1 LSL-K-ras<sup>G12D</sup> p53<sup>f/WT</sup></b> (K-ras-p53<sup>f/WT</sup>) TPA-treated","Skin - Epidermis","17607363",161,""
706,"R175H","NA","(C57BL/6 x 129Sv;C57BL/6 x FVB; 129Sv) <b>K5-K-ras-p53<sup>R172H/f</sup></b> TPA-treated","Skin - Epidermis","17607363",161,""
707,"NA","NA","(C57BL/6 x 129Sv;C57BL/6 x FVB; 129Sv) <b>K5-K-ras-p53<sup>f/f</sup></b> TPA-treated","Skin - Epidermis","17607363",161,""
708,"NA","NA","(C57BL/6) <b>Xpa<sup>-/-</sup> p53<sup>+/-</sup></b>","NA","16464479",162,""
709,"NA","NA","(C57BL/6 x C57BL/6; 129/Ola) <b>E&mu;-myc p53<sup>KI/+</sup></b>","Leukocyte - Lymphocyte - B-lymphocyte","17182091",163,""
710,"NA","NA","(C57BL/6; 129Sv/EvJ) <b>hsf1<sup>-/-</sup> p53<sup>-/-</sup></b>","Testis, Connective and soft tissues","17310987",164,""
711,"NA","NA","(C57BL/6; 129Sv/EvJ) <b>hsf1<sup>+/-</sup> p53<sup>-/-</sup></b>","Leukocyte - Lymphocyte - T-lymphocyte","17310987",164,""
712,"NA","NA","(C57BL/6; 129Sv/EvJ) <b>hsf1<sup>-/-</sup> p53<sup>+/-</sup></b>","NA","17310987",164,""
713,"NA","NA","(129S4/SvJae) <b>cis Nf1 <sup>+/-</sup> p53<sup>+/-</sup></b> NPcis mice","Soft Tissues, CNS - Brain - Astrocyte, Leukocyte - Lymphocyte, Adrenal gland - Medulla","15319471",165,""
714,"NA","NA","(C57BL/6 x CBA/J) F1 <b>Nf1<sup>tm1Tyj</sup>/+ Trp53<sup>tm1Tyj</sup>/+</b>","Soft Tissues, CNS - Brain - Astrocyte, Leukocyte - Lymphocyte, Adrenal gland - Medulla","10973261",61,""
715,"NA","NA","(129S4/SvJae) <b>WT female</b> x (C57BL/6) <b>NPcis male</b> F1","CNS - Brain - Astrocyte","15319471",165,""
716,"NA","NA","(129S4/SvJae) <b>NPcis female</b> x (C57BL/6) <b>WT male</b> F1","CNS - Brain - Astrocyte","15319471",165,""
717,"NA","NA","(C57BL/6) <b>WT female</b> x (129S4/SvJae) <b>NPcis male</b> F1","CNS - Brain - Astrocyte","15319471",165,""
718,"NA","NA","(FVB) <b>MMTV-Tg<sup>&Delta;N-&beta;Cat/+</sup> P53<sup>+/-</sup></b> virgin females","Mammary gland,, Bone, Connective and soft tissues, Leukocyte - Lymphocyte, Lung","16434961",166,""
719,"NA","NA","(FVB) <b>MMTV-Tg<sup>&Delta;N-&beta;Cat/+</sup> P53<sup>-/-</sup></b> females","Leukocyte - Lymphocyte, Blood vessel","16434961",166,""
720,"NA","NA","(FVB) <b>MMTV-Tg<sup>&Delta;N-&beta;Cat/+</sup> P53<sup>-/-</sup></b> males","Testis","16434961",166,""
721,"NA","NA","(BALB/c; C57BL/6J) <b>hTERTp-LacZ p53<sup>+/-</sup></b>","Mammary gland","15735002",167,""
722,"NA","NA","(FVB/N x C57BL/6) <b>NRL-TGF&alpha; p53<sup>+/-</sup></b>","Mammary gland","17334393",168,""
724,"NA","NA","SSIN <b>K5-E2F1 p53<sup>-/-</sup></b>","NA","16205640",169,""
725,"NA","NA","(FVB/N; C57BL/6J; 129/SvEV) <b>SCA1Tg<sup>+/-</sup> p53<sup>-/-</sup></b>","CNS - Brain - Cerebellum","11741393",170,""
726,"NA","NA","<b>Wip1<sup>+/+</sup> p53<sup>+/-</sup> E&mu;-myc</b>","Leukocyte - Lymphocyte - B-lymphocyte","17158963",171,""
727,"NA","NA","<b>Wip1<sup>-/-</sup> p53<sup>+/-</sup> E&mu;-myc</b>","Leukocyte - Lymphocyte - B-lymphocyte","17158963",171,""
728,"NA","NA","(C3H; C57BL/6J x C57BL/6J) <b>BLG-CycE p53<sup>+/-</sup></b>","Bone, Leukocyte - Lymphocyte, Mammary gland, Eye - Harderian gland","16751806",172,""
729,"NA","NA","(C3H; C57BL/6J x C57BL/6J) <b>BLG-T380A p53<sup>+/-</sup></b>","Mammary gland, Bone, Blood vessel, Leukocyte - Lymphocyte, Connective and soft tissues, Lung, Pituitary gland","16751806",172,""
730,"NA","NA","(FVB/N) <b>CCSP-dnp53</b>","Lung","12151310",173,""
731,"NA","NA","(129/SvJae) <b>p53<sup>+/&Delta;P</sup></b>","NA","16616333",174,""
732,"NA","NA","(129/SvJae) <b>p53<sup>&Delta;P/&Delta;P</sup></b>","Leukocyte - Lymphocyte","16616333",174,""
733,"NA","NA","(129/SvJae; not specified) <b>p53<sup>&Delta;P/&Delta;P</sup> Mdm2<sup>+/-</sup></b>","NA","16616333",174,""
734,"NA","NA","(129/SvJae; not specified) <b>p53<sup>&Delta;P/&Delta;P</sup> Mdm2<sup>-/-</sup></b>","lethal","16616333",174,""
735,"NA","NA","(129/SvJae; not specified) <b>p53<sup>&Delta;P/&Delta;P</sup> Mdm4<sup>+/-</sup></b>","NA","16616333",174,""
736,"NA","NA","(129/SvJae; not specified) <b>p53<sup>&Delta;P/&Delta;P</sup> Mdm4<sup>-/-</sup></b>","NA","16616333",174,""
737,"NA","NA","(129/SvJae; not specified) <b>p53<sup>+/&Delta;P</sup> Mdm4<sup>-/-</sup></b>","NA","16616333",174,""
738,"NA","NA","(129/SvJae) <b>p53<sup>+/AXXA</sup></b>","NA","17158931",175,""
739,"NA","NA","(129/SvJae) <b>p53<sup>AXXA/AXXA</sup></b>","NA","17158931",175,""
740,"NA","NA","(129/SvJae) <b>p53<sup>+/TTAA</sup></b>","NA","17158931",175,""
741,"NA","NA","(129/SvJae) <b>p53<sup>TTAA/TTAA</sup></b>","NA","17158931",175,""
742,"NA","NA","(129/Sv x C57BL/6) <b>PARP-1+/- Trp53+/-</b>","Mammary gland","17160013",176,""
743,"NA","NA","(129/Sv x C57BL/6) <b>PARP-1-/- Trp53+/-</b>","Mammary gland","17160013",176,""
744,"NA","NA","(C57BL/6; not specified) <b>Ryr2<sup><i>tm1Nobs/tm1Nobs</i></sup> p53<sup>-/-</sup></b> pCAGnlCre-electroporated","Connective and soft tissues","16785989",177,""
745,"NA","NA","(C57BL/6; not specified) <b>Ryr2<sup><i>tm1Nobs/tm1Nobs</i></sup> p53<sup>-/+</sup></b> pCAGnlCre-electroporated","Connective and soft tissues","16785989",177,""
746,"NA","NA","(129S7/SvEV<sup>Brd-Hprtb-m2</sup>:C57BL/6) <b>p53-FLP</b>","Leukocyte - Lymphocyte, Bone, Muscle - Smooth, Blood vessel, Lung, Liver, Mammary Gland, Prostate gland, Corpus uteri - Endometrium, Salivary gland, Ovary, Adrenal gland, Pituitary gland, Thymus, Urinary Bladder, Spleen, Esophagus, Stomach, Intestine - Small Intestine - Duodenum","17360553",178,""
747,"NA","NA","(129S7/SvEV<sup>Brd-Hprtb-m2</sup>:C57BL/6) <b>p53-Wnt3-FLP</b>","Leukocyte - Lymphocyte, Bone, Muscle - Smooth, Blood vessel, Lung, Liver, Corpus uteri - Endometrium, Pancreas, Ovary, Adrenal gland, Pituitary gland, Thymus, Spleen, Seminal vesicle, Urinary Bladder, Prostate gland, Stomach","17360553",178,""
748,"R175H","NA","(ICR; FVB) <b>HK1-p53<sup>m</sup></b> (R172H mutant)","None","9671312",179,""
749,"R175H","NA","(ICR; FVB) <b>HK1-p53<sup>m</sup></b> (R172H mutant) DMBA-TPA treated","Skin - Epidermis","9671312",179,""
750,"A138V","NA","(A/J; FVB) N10 <b>UL53-3</b> A135V mutant","NA","12907609",180,""
751,"A138V","NA","(A/J) <b>p53<sup>+/-</sup> Ink4a/arf<sup>+/+</sup></b> A135V mutant","Lung","12907609",180,""
752,"A138V","NA","(A/J) <b>p53<sup>+/-</sup> Ink4a/arf<sup>+/-</sup></b> A135V mutant","Lung","12907609",180,""
753,"A138V","NA","(A/J) <b>p53<sup>val135/wt</sup> K-ras<sup>wt/wt</sup>","NA","16247444",181,""
754,"A138V","NA","(A/J) <b>p53<sup>val135/wt</sup> K-ras<sup>ko/wt</sup>","NA","16247444",181,""
756,"NA","NA","(FVB) F1 <b>CK<sup>+</sup> p53<sup>+/-</sup></b>","Leukocyte - Lymphocyte - T-lymphocyte","9662328",182,""
757,"NA","NA","(FVB) F2 <b>CK<sup>+</sup> p53<sup>-/-</sup></b>","CNS, Leukocyte - Lymphocyte - T-lymphocyte, Blood vessel","9662328",182,""
758,"NA","NA","<b>p53<sup>-/-</sup> Atm<sup>+/-</sup></b>","Testis","9632822",183,""
759,"NA","NA","<b>Atm<sup>-/-</sup> p53<sup>-/-</sup></b>","Leukocyte - Lymphocyte, Leukocyte - Lymphocyte - Thymocyte","9632822",183,""
760,"NA","NA","(C57BL/6J) <b>ob/ob p53<sup>-/-</sup></b>","Liver","14985341",184,""
761,"NA","NA","(C57BL/6) <b>CAG-CAT-AuroraA WAP-Cre p53-/-</b>","Mammary gland","15480417",185,""
762,"NA","NA","(FVB; 129; C57BL/6) <b>Wnt-1TG p53-/-</b>","Mammary gland","15824740",186,""
763,"NA","NA","(C57BL/6; 6xDBA2; FVB/N; 129) F3 <b>p53<sup>PE-/-</sup></b> males","Prostate gland","16912162",187,""
764,"NA","NA","(C57BL/6; 6xDBA2; FVB/N; 129) F3 <b>p53<sup>PE-/-</sup> Rb<sup>PE-/-</sup></b> males","Prostate gland, Lung, Liver, Adrenal gland, Lymph node","16912162",187,""
765,"NA","NA","(C57BL/6; 6xDBA2; FVB/N; 129) <b>p53<sup>PE+/-</sup> Rb<sup>PE-/-</sup></b> males","NA","16912162",187,""
766,"NA","NA","(C57BL/6; 6xDBA2; FVB/N; 129) <b>p53<sup>PE-/-</sup> Rb<sup>PE+/-</sup></b> males","Prostate gland","16912162",187,""
767,"NA","NA","(C57Bl/6; 129/Sv; NIH; CBA/Ca) <b>CD2-myc p53+/-</b>","Leukocyte - Lymphocyte - T-lymphocyte","7753548",188,""
768,"NA","NA","(C57Bl/6; 129/Sv; NIH; CBA/Ca) <b>CD2-myc p53-/-</b>","Leukocyte - Lymphocyte - T-lymphocyte; Kidney","7753548",188,""
769,"NA","NA","(FVB) <b>MMTV-c-myc p53+/-</b>","Leukocyte - Lymphocyte, Mammary gland, Lymph node","7624126",189,""
770,"NA","NA","(FVB) <b>MMTV-c-myc p53-/-</b>","Leukocyte - Lymphocyte, Blood vessel, Lymph node","7624126",189,""
771,"NA","NA","<b>E&mu;-myc p53<sup>+/-</sup></b>","Leukocyte - Lymphocyte","7624125",190,""
772,"NA","NA","<b>p53KO bcl-2</b>","Leukocyte - Lymphocyte","7936633",191,""
773,"NA","NA","<b>p53<sup>S18A</sup></b>","NA","12909629",192,""
774,"NA","NA","(C57Bl/6; CBA) <b>p53<sup>-/-;tg/.</sup></b>","None","12426394",193,""
775,"NA","NA","(C57Bl/6; CBA; 129Sv) <b>p53<sup>+/+;tg/.</sup></b> Super p53 mice","Leukocyte - Lymphocyte, Kidney, Bone","12426394",193,""
776,"NA","NA","(C57Bl/6; CBA; 129Sv) <b>p53<sup>+/+;tg/tg</sup></b> Super p53 mice","NA","12426394",193,""
777,"NA","NA","(C57BL/6; not specified) G3 <b>Terc<sup>-/-</sup> p53<sup>+/+;tg/.</sup></b>","None","16582880",194,""
778,"NA","NA","(1849; not specified) <b>LCK-Tal-1<sup>+/-</sup> p53<sup>+/-</sup></b>","Leukocyte - Lymphocyte - T-lymphocyte","8912842",195,""
779,"NA","NA","(C57BL/6J) <b>CD2-scl70 p53<sup>+/-</sup></b>","Leukocyte - Lymphocyte - T-lymphocyte, Leukocyte - Lymphocyte - B-lymphocyte","9416841",196,""
780,"NA","NA","(C57BL/6J) <b>CD2-scl70 p53<sup>-/-</sup></b>","Leukocyte - Lymphocyte - T-lymphocyte, Leukocyte - Lymphocyte - B-lymphocyte","9416841",196,""
781,"NA","NA","(C57BL/6; 129/SvJae) <b>p53<sup>+/-</sup> p63<sup>+/-</sup></b>","Mammary gland, Bone, Urinary Bladder, Leukocyte, Leukocyte - Lymphocyte - Thymocyte, Connective and soft tissues, Esophagus","15837625",197,""
782,"NA","NA","(C57BL/6; 129/SvJae) <b>p53<sup>+/-</sup> p73<sup>+/-</sup></b>","Lung, Pancreas - Acinar cell, Bone, Liver, Leukocyte - Lymphocyte - Thymocyte, Blood vessel, Connective and soft tissues","15837625",197,""
783,"NA","NA","(FVB; C57BL6; BALB/c) <b>MMTV-ras p53<sup>+/-</sup></b>","Mammary gland, Salivary gland","9001226",198,""
784,"NA","NA","(FVB; C57BL6; BALB/c) <b>MMTV-ras p53<sup>-/-</sup></b>","Salivary gland, Mammary gland, Leukocyte - Lymphocyte","9001226",198,""
785,"L22Q/W23S","NA","<b>Trp53<sup>QS/+</sup> deleter-Cre</b>","Embryonic lethality","15654339",199,""
786,"NA","NA","<b>mdm2<sup>ml</sup>/+ p53+/-</b>","NA","7477327",200,""
787,"NA","NA","<b>mdm2<sup>ml</sup>/mdm2<sup>ml</sup> p53-/-</b>","NA","7477327",200,""
788,"NA","NA","(129SvEvBrd; C57BL/6; not specified) <b>Mdm2-transgenic p53-null</b>","Leukocyte - Lymphocyte, Blood vessel, Bone, CNS - Brain","9861017",201,""
789,"NA","NA","(C57BL/6J; not specified) <b>BLG-MDM2 p53-/-</b>","Mammary gland","9087426",202,""
790,"NA","NA","(ICR; B6SJL) <b>p53+/+ p44+</b>","NA","14871929",203,""
791,"NA","NA","(ICR; B6SJL) <b>p53+/+ p44+/+</b>","Testis, Bone","14871929",203,""
792,"NA","NA","(ICR; B6SJL x C57Bl/6) <b>p53-/- p44+</b>","NA","14871929",203,""
793,"NA","NA","(ICR; B6SJL x C57Bl/6) <b>p53-/- p44+/+</b>","NA","14871929",203,""
794,"NA","NA","<b>Mdm4<sup>-/-</sup> Trp53<sup>+/-</sup></b>","Lethal","12101245",204,""
795,"NA","NA","<b>Mdm4<sup>-/-</sup> Trp53<sup>-/-</sup></b>","NA","12101245",204,""
796,"NA","NA","(C57BL/6 x C57BL/6; 129/sv) <b>E&mu;-myc p53<sup>+/-</sup></b>","Leukocyte - Lymphocyte","10541553",205,""
797,"NA","NA","(C57BL/6 x C57BL/6; 129/sv) <b>E&mu;-myc p53<sup>-/-</sup></b>","Leukocyte - Lymphocyte","10541553",205,""
798,"S15A","NA","(129Sv-Brd; C57BL/6) <b>p53<sup>S18A/+</sup></b>","Spleen, Liver, Bone - Vertebral column, Skin, Leukocyte - Lymphocyte, Leukocyte - Monocyte - Macrophage - Histiocyte, Blood vessel, Muscle - Smooth","14729946",206,"Updated with Mref_ID 210"
799,"S15A","NA","(129Sv-Brd; C57BL/6) <b>p53<sup>S18A/S18A</sup></b>","Spleen, Liver, Bone - Vertebral column, Skin, Leukocyte - Lymphocyte, Leukocyte - Monocyte - Macrophage - Histiocyte, CNS - Brain","14729946",206,"Updated with Mref_ID 206"
800,"S15A","NA","(129Sv-Brd; C57BL/6; not specified) <b>Mdm2<sup>+/-</sup> p53<sup>S18A/+</sup></b>","NA","14729946",206,""
801,"S15A","NA","(129Sv-Brd; C57BL/6; not specified) <b>Mdm2<sup>+/-</sup> p53<sup>S18A/S18A</sup></b>","NA","14729946",206,""
802,"S15A","NA","(129Sv-Brd; C57BL/6; not specified) <b>Mdm2<sup>-/-</sup> p53<sup>S18A/+</sup></b>","Lethal","14729946",206,""
803,"S15A","NA","(129Sv-Brd; C57BL/6; not specified) <b>Mdm2<sup>-/-</sup> p53<sup>S18A/S18A</sup></b>","Lethal","14729946",206,""
805,"S20A","NA","<b>p53<sup>S23A/-</sup> RAG2<sup>-/-</sup></b>","NA","11909939",207,""
808,"R175P","NA","(C57BL/6; 129SV) <b>Lig4<sup>-/-</sup> p53<sup>p/p</sup></b>","Thymus, Lymphoid tissue","17535972",208,""
809,"R175H","NA","(129Sv) <b>p53<sup>R172H&Delta;g/+</sup> K-ras<sup>LA1/+</sup></b>","Lung, Mesothelium, Leukocyte - Lymphocyte, Blood vessel, Connective and soft tissues, Pancreas","17486075",245,""
810,"NA","NA","(129Sv) <b>p53<sup>+/-</sup> K-ras<sup>LA1/+</sup></b>","NA","17486075",245,""
811,"NA","NA","<b>Lck-Chk1<sup>fl/fl</sup> p53<sup>-/-</sup></b>","Leukocyte - Lymphocyte - Immature T-Lymphocyte","17360434",244,""
812,"NA","NA","(C57BL/6; 129S) <b>Msh6<sup>-/-</sup> p53<sup>-/-</sup></b>","Leukocyte - Lymphocyte - T-Lymphocyte, Leukocyte - Lymphocyte - B-lymphocyte, Connective and soft tissues, Spleen, Liver, Thymus, Kidney","17615258",243,""
813,"NA","NA","(C57BL/6; 129S) <b>Msh6<sup>-/-</sup> p53<sup>+/-</sup></b>","Leukocyte - Lymphocyte - T-Lymphocyte, Leukocyte - Lymphocyte - B-lymphocyte, Connective and soft tissues, Spleen, Liver, Thymus, Kidney","17615258",243,""
814,"NA","NA","(C57BL/6; 129/Sv) <b>Art<sup>N/N</sup> Trp53<sup>N/N</sup></b>","Leukocyte - Lymphocyte","17384673",242,""
815,"NA","NA","(C57BL/6; 129/Sv) <b>Art<sup>N/N</sup> Trp53<sup>N/+</sup></b>","Leukocyte - Lymphocyte, Bone, Connective and soft tissues, CNS - Brain - Glial cell","17384673",242,""
816,"NA","NA","<b>p53<sup>+/-</sup> Lck-Bax38/1 Lck-Bcl-2</b>","Leukocyte - Lymphocyte","12761582",241,"Blc-2 delays tumor formation"
817,"NA","NA","<b>p53<sup>-/-</sup> Lck-Bax1</b>","Leukocyte - Lymphocyte","12761582",241,""
818,"NA","NA","<b>p53<sup>-/-</sup> Lck-Bax38</b>","Leukocyte - Lymphocyte","12761582",241,""
819,"NA","NA","<b>p53<sup>-/-</sup> Lck-Bax38/1</b>","Leukocyte - Lymphocyte","12761582",241,"See also PubMed ID 17804719"
820,"NA","NA","<b>p53<sup>-/-</sup> Lck-Bax38/1 Lck-Bcl-2</b>","Leukocyte - Lymphocyte","12761582",241,"Blc-2 delays tumor formation"
821,"NA","NA","<b>p53<sup>+/-</sup> Lck-Bax38/1</b>","Leukocyte - Lymphocyte - Thymocyte","12761582",241,""
822,"NA","NA","(BALB/cHeA; MSM/Ms) <b>p53<sup>+/-</sup> Atm<sup>+/+</sup></b>","NA","17327688",240,""
823,"NA","NA","(BALB/cHeA; 129SvEv) <b>p53<sup>+/-</sup> Atm<sup>+/-</sup></b>","NA","17327688",240,""
824,"NA","NA","(BALB/cHeA; 129SvEv) <b>p53<sup>+/-</sup> Atm<sup>+/+</sup></b>","NA","17327688",240,""
825,"NA","NA","(BALB/cHeA; MSM/Ms) <b>p53<sup>+/-</sup> Atm<sup>+/-</sup></b>","NA","17327688",240,""
826,"NA","NA","(129S6/SvEv; C57BL/6) <b>Mdm4<sup>+/-<sup> p53<sup>-/-</sup></b>","NA","17526734",239,""
827,"NA","NA","(129S6/SvEv; C57BL/6) <b>Mdm2<sup>+/-</sup> Mdm4<sup>+/-<sup> p53<sup>+/-</sup></b>","No lethality","17526734",239,""
828,"R72P","NA","<b>Hupki codon 72<sup>pro/pro</sup></b>","NA","17998932",238,""
829,"R72P","NA","<b>Hupki codon 72<sup>arg/pro</sup></b>","NA","17998932",238,""
830,"NA","NA","<b>p53<sup>&Delta;2-10/&Delta;2-10</sup> &beta;4<sup>flox/flox</sup></b>","NA","17699601",237,""
831,"NA","NA","(129/J; C57BL/6) <b>Mus81<sup>+/-</sup> p53<sup>+/-</sup></b>","","17875692",236,""
832,"NA","NA","(129/J; C57BL/6) <b>Mus81<sup>-/-</sup> p53<sup>-/-</sup></b>","Spleen, Soft Tissues, Leukocyte - Lymphocyte - B-lymphocyte, Leukocyte - Lymphocyte - T-Lymphocyte, Leukocyte - Lymphocyte - Thymocyte","17875692",236,"Lethal for females specifically"
833,"NA","NA","(129/J; C57BL/6) <b>Mus81<sup>+/-</sup> p53<sup>-/-</sup></b>","Soft Tissues","17875692",236,"Lethal for most of the females"
834,"NA","NA","<b>Lck-Cre Fbxw7<sup>F/F</sup> p53<sup>-/-</sup></b>","Leukocyte - Lymphocyte - Thymocyte","17984302",235,""
835,"NA","NA","(129S1/SvImJ) <b>MIF-/- p53-/-</b>","Leukocyte - Lymphocyte - T-Lymphocyte, Leukocyte - Lymphocyte - B-lymphocyte, Abdominal cavity, Stomach, Testis, Spleen, Lymph node, Liver","17290223",234,""
836,"NA","NA","(129S1/SvImJ) <b>MIF+/- p53-/-</b>","NA","17290223",234,""
837,"NA","NA","(B6/129) <b>RIP-H-2k<sup>b</sup> p53<sup>-/-</sup></b>","Pancreas","18006584",233,"The absence of p53 does not affect the phenotype of the original RIP-H-2k<sup>b</sup> mice"
838,"NA","NA","(B6/129) <b>RIP-H-2k<sup>b</sup> p53<sup>+/-</sup></b>","Pancreas","18006584",233,"The absence of p53 does not affect the phenotype of the original RIP-H-2k<sup>b</sup> mice"
842,"NA","NA","(C57Bl6/J) <b>p53<sup>-/-</sup> ApoE<sup>-/-</sup></b>","Muscle - Smooth","15746445",231,""
843,"NA","NA","<b>BLG-Cre Brca1<sup>F22-24/F22-24</sup> p53<sup>+/-</sup></b>","Mammary gland, Salivary gland","17212342",230,"BLG = Beta-LactoGlobuline => conditional expression of the Cre recombinase transgene during lactation"
844,"NA","NA","(C57BL/6) <b>s-Arf/p53</b>","NA","17637672",229,"Mice generated by crossing super-Arf and super-p53 mice."
845,"NA","NA","(C57BL/6J; CBA) <b>Atf-2<sup>+/-</sup> p53<sup>+/-</sup></b>","Mammary Gland, Skin","17700520",228,""
846,"NA","NA","<b>K14-Cre Brca1<sup>F/F</sup> p53<sup>F/+</sup></b>","Mammary Gland, Skin","17626182",227,"Tissue-specific inactivation of both Brca1 and p53"
847,"NA","NA","<b>K14-Cre Brca1<sup>F/+</sup> p53<sup>F/F</sup></b>","Mammary Gland, Skin","17626182",227,"Tissue-specific inactivation of both Brca1 and p53"
848,"NA","NA","<b>K14-Cre Brca1<sup>F/F</sup> p53<sup>F/F</sup></b>","Mammary Gland, Skin","17626182",227,"Tissue-specific inactivation of both Brca1 and p53"
849,"NA","NA","<b>Pact<sup>+/-</sup> p53<sup>-/-</sup></b>","lethal","17470788",226,""
850,"NA","NA","<b>Pact<sup>-/-</sup> p53<sup>-/-</sup></b>","lethal","17470788",226,""
851,"NA","NA","(FVB) <b>Tg.AC p53<sup>+/-</sup></b>","Thymus, Salivary gland, Mammary gland, Spleen, Skin, Mouth, Lymph node","17952114",225,"Tg.AC mice express the v-Ha-ras transgene."
852,"NA","NA","(C57Bl/6J) G4 <b>mTERC<sup>-/-</sup> Trp53<sup>F2-F10/F2-F10</sup> HBs<sup>+</sup></b>","Liver","17433324",224,"Conditional deletion of TP53 gene achieved by Ad-Cre treatment"
853,"NA","NA","(C57Bl/6J) <b>mTERC<sup>+/-</sup> Trp53<sup>F2-F10/F2-F10</sup> HBs<sup>+</sup></b>","Liver","17433324",224,"Conditional deletion of TP53 gene achieved by Ad-Cre treatment"
854,"NA","NA","<b>Kras p53<sup>L/L</sup></b>","Lung","17676035",223,"Mouse model conditionnally expressing the Kras G12D mutant (upon adeno-Cre inoculation)"
855,"R175H","NA","(129/SvJae; C57BL/6) <b>LSL-Kras<sup>G12D/+</sup> LSL-Trp53<sup>R172H/+</sup> Pdx-1-Cre</b>","Pancreas","15894267",222,""
856,"R175H","NA","<b>Kras<sup>LSL-G12D/+</sup> Trp53<sup>LSL-R172H/+</sup> Dpc4<sup>flox/+</sup> Cre</b>","Pancreas","17349581",221,""
857,"NA","NA","(129/Sv; C57BL/6) <b>Mdm2<sup>C462A/C462A</sup> p53<sup>+/-</sup></b>","Lethal","17936560",220,""
858,"NA","NA","(129/Sv; C57BL/6) <b>Mdm2<sup>C462A/C462A</sup> p53<sup>-/-</sup></b>","NA","17936560",220,""
859,"NA","NA","(129/Sv; C57BL/6) <b>Mdm2<sup>+/C462A</sup> p53<sup>-/-</sup></b>","NA","17936560",220,""
860,"NA","NA","(129/Sv; C57BL/6) <b>Mdm2<sup>+/C462A</sup> p53<sup>+/-</sup></b>","NA","17936560",220,""
861,"NA","NA","(129/Sv; C57BL/6) <b>Mdm2<sup>C462A/C462A</sup> p53<sup>ER/-</sup></b>","NA","17936560",220,""
862,"NA","NA","(C57BL/6) <b>Nrf2<sup>-/-</sup> p53<sup>+/-</sup></b>","NA","17602169",219,""
863,"NA","NA","<b>E&mu;-myc Trp53<sup>+/-</sup> Tip60<sup>+/-</sup></b>","Leukocyte - Lymphocyte - B-lymphocyte","17728759",218,""
865,"R273H","NA","(C57BL/6-129/Sv; FVB/N) <b>p53<sup>-/+/TG</sup></b>","Lung","17968669",216,"Human R273H (TG) is expressed under the lung-specific SP-C promoter."
867,"R175H","NA","(129S4/SvJae; BALB/c; 129SvEV) <b>p53<sup>+/R172H</sup> Hsf1<sup>-/-</sup></b>","NA","17889646",215,""
868,"R175H","NA","(129S4/SvJae; BALB/c; 129SvEV) <b>p53<sup>+/R172H</sup> Hsf1<sup>+/-</sup></b>","Leukocyte - Lymphocyte, Connective and soft tissues","17889646",215,""
869,"R175H","NA","(129S4/SvJae; BALB/c; 129SvEV) <b>p53<sup>+/R172H</sup> Hsf1<sup>+/+</sup></b>","Leukocyte - Lymphocyte, Connective and soft tissues","17889646",215,""
871,"NA","NA","(C57Bl/6; 129-SV) <b>p37<sup>Ing1</sup>-null p53-null</b>","NA","17332334",213,""
872,"NA","NA","<b>Gcn5<sup>-/-</sup> p53<sup>-/-</sup></b>","NA","17325035",212,""
873,"NA","NA","<b>Gcn5<sup>+/-</sup> p53<sup>-/-</sup></b>","NA","17325035",212,""
874,"NA","NA","(BALB/C; Mf1; 129/Sv) <b>Ccna1<sup>-/-</sup> p53<sup>-/-</sup></b>","Testis - Seminiferous tubules","17968459",211,""
875,"S18A","NA","(129/sv; C57BL/6) <b>p53 <sup>S18A/-</sup></b>","Bone - Vertebral column, Skin, Leukocyte - Lymphocyte, Leukocyte, Bone, Leukocyte - Monocyte - Macrophage - Histiocyte, Connective and soft tissues","18089799",210,""
876,"NA","NA","(C57/BL6 ; not specified) <b>E&mu;-D1T286A p53<sup>+/-</sup><b/>","Leukocyte - Lymphocyte - B-lymphocyte","18006686",209,""
877,"NA","NA","(C57/BL6 ; not specified) <b>E&mu;-D1T286A p53<sup>-/-</sup><b/>","Leukocyte - Lymphocyte - T-Lymphocyte","18006686",209,""
878,"R273H","NA","(C57BL/6-129/Sv; FVB/N) <b>p53<sup>-/-/TG</sup></b>","Lung","17968669",216,"Human R273H (TG) is expressed under the lung-specific SP-C promoter."
879,"R248Q","NA","(129/sv; C57BL/6) <b>p53 <sup>hR248Q/-</sup></b>","T-lymphomas; B-lymphomas; solid tumors","23538418",246,""
880,"G245S","NA","(129/sv; C57BL/6) <b>p53 <sup>hG245S/-</sup></b>","T-lymphomas; B-lymphomas; solid tumors","23538418",246,""
881,"R337H","NA","(C57BL/6N)<b>Trp53<sup>334R/H</sup></b> and <b>Trp53<sup>334H/H</sup></b>","Liver after exposure to diethylnitrosamine","30042151",247,""

612 rows selected. 

