"Type_ID","Type","Type_group","Type_group1","Type_group2","Type_group3"
1,"ins","ins/del","other","other","ins/del"
2,"del","ins/del","other","other","ins/del"
3,"tandem","other","other","other","other"
4,"CC tandem","other","other","other","other"
5,"complex","other","other","other","other"
6,"A:T>C:G","A:T>C:G","A:T>C:G","Tv","point"
7,"A:T>G:C","A:T>G:C","A:T>G:C","Ts","point"
8,"A:T>T:A","A:T>T:A","A:T>T:A","Tv","point"
9,"G:C>A:T","G:C>A:T","G:C>A:T","Ts","point"
10,"G:C>A:T at CpG","G:C>A:T at CpG","G:C>A:T at CpG","Ts at CpG","point"
11,"G:C>C:G","G:C>C:G","G:C>C:G","Tv","point"
12,"G:C>T:A","G:C>T:A","G:C>T:A","Tv","point"
13,"NA","NA","NA","NA","NA"

13 rows selected. 

